<?xml version="1.0" encoding="UTF-8"?>
<metadata xml:lang="en"><Esri><CreaDate>20211026</CreaDate><CreaTime>21492900</CreaTime><ArcGISFormat>1.0</ArcGISFormat><SyncOnce>FALSE</SyncOnce><DataProperties><itemProps><itemName Sync="TRUE">DavaoPhilippines_Merge</itemName><imsContentType Sync="TRUE">002</imsContentType><itemSize Sync="TRUE">0.000</itemSize><itemLocation><linkage Sync="TRUE">file://\\DESKTOP-7NESSPS\C$\Users\PC\Documents\ArcGIS\DavaoPhilippines_Merge.shp</linkage><protocol Sync="TRUE">Local Area Network</protocol></itemLocation></itemProps><coordRef><type Sync="TRUE">Geographic</type><geogcsn Sync="TRUE">GCS_WGS_1984</geogcsn><csUnits Sync="TRUE">Angular Unit: Degree (0.017453)</csUnits><peXml Sync="TRUE">&lt;GeographicCoordinateSystem xsi:type='typens:GeographicCoordinateSystem' xmlns:xsi='http://www.w3.org/2001/XMLSchema-instance' xmlns:xs='http://www.w3.org/2001/XMLSchema' xmlns:typens='http://www.esri.com/schemas/ArcGIS/10.8'&gt;&lt;WKT&gt;GEOGCS[&amp;quot;GCS_WGS_1984&amp;quot;,DATUM[&amp;quot;D_WGS_1984&amp;quot;,SPHEROID[&amp;quot;WGS_1984&amp;quot;,6378137.0,298.257223563]],PRIMEM[&amp;quot;Greenwich&amp;quot;,0.0],UNIT[&amp;quot;Degree&amp;quot;,0.0174532925199433],AUTHORITY[&amp;quot;EPSG&amp;quot;,4326]]&lt;/WKT&gt;&lt;XOrigin&gt;-400&lt;/XOrigin&gt;&lt;YOrigin&gt;-400&lt;/YOrigin&gt;&lt;XYScale&gt;11258999068426.238&lt;/XYScale&gt;&lt;ZOrigin&gt;-100000&lt;/ZOrigin&gt;&lt;ZScale&gt;10000&lt;/ZScale&gt;&lt;MOrigin&gt;-100000&lt;/MOrigin&gt;&lt;MScale&gt;10000&lt;/MScale&gt;&lt;XYTolerance&gt;8.983152841195215e-09&lt;/XYTolerance&gt;&lt;ZTolerance&gt;0.001&lt;/ZTolerance&gt;&lt;MTolerance&gt;0.001&lt;/MTolerance&gt;&lt;HighPrecision&gt;true&lt;/HighPrecision&gt;&lt;LeftLongitude&gt;-180&lt;/LeftLongitude&gt;&lt;WKID&gt;4326&lt;/WKID&gt;&lt;LatestWKID&gt;4326&lt;/LatestWKID&gt;&lt;/GeographicCoordinateSystem&gt;</peXml></coordRef><lineage><Process ToolSource="c:\program files (x86)\arcgis\desktop10.8\ArcToolbox\Toolboxes\Data Management Tools.tbx\Merge" Date="20211026" Time="214948">Merge BUSVHAIDavaoPhilippines;CABUPHOADavaoPhilippines;'Castro VillageDavaoPhilippines';ConcepcionDavaoPhilippines;COREASDavaoPhilippines;'De GardenDavaoPhilippines';'Dumalag 2DavaoPhilippines';'Dumalag 3DavaoPhilippines';'Happy Times Neighborhood AssociationDavaoPhilippines';'Isla TabokDavaoPhilippines';'Jose Camus Extension of Barangay 9ADavaoPhilippines';'Juan VillageDavaoPhilippines';KABOPOADavaoPhilippines;'Mabuhay Homeowners AssociationDavaoPhilippines';MASEADavaoPhilippines;'MGR teachers VillageDavaoPhilippines';'Arroyo CompoundDavaoPhilippines';BalaiDavaoPhilippines;BaleteDavaoPhilippines;BangkaanDavaoPhilippines;'Barangay 31D SIR Pilot Homeowners AssociationDavaoPhilippines';'Bartoline CompoundDavaoPhilippines';'Bolton IslandDavaoPhilippines';BUNHOADavaoPhilippines C:\Users\PC\Documents\ArcGIS\DavaoPhilippines_Merge.shp "Country "Country" true true false 80 Text 0 0 ,First,#,BUSVHAIDavaoPhilippines,Country,-1,-1,CABUPHOADavaoPhilippines,Country,-1,-1,Castro VillageDavaoPhilippines,Country,-1,-1,ConcepcionDavaoPhilippines,Country,-1,-1,COREASDavaoPhilippines,Country,-1,-1,De GardenDavaoPhilippines,Country,-1,-1,Dumalag 2DavaoPhilippines,Country,-1,-1,Dumalag 3DavaoPhilippines,Country,-1,-1,Happy Times Neighborhood AssociationDavaoPhilippines,Country,-1,-1,Isla TabokDavaoPhilippines,Country,-1,-1,Jose Camus Extension of Barangay 9ADavaoPhilippines,Country,-1,-1,Juan VillageDavaoPhilippines,Country,-1,-1,KABOPOADavaoPhilippines,Country,-1,-1,Mabuhay Homeowners AssociationDavaoPhilippines,Country,-1,-1,MASEADavaoPhilippines,Country,-1,-1,MGR teachers VillageDavaoPhilippines,Country,-1,-1,Arroyo CompoundDavaoPhilippines,Country,-1,-1,BalaiDavaoPhilippines,Country,-1,-1,BaleteDavaoPhilippines,Country,-1,-1,BangkaanDavaoPhilippines,Country,-1,-1,Barangay 31D SIR Pilot Homeowners AssociationDavaoPhilippines,Country,-1,-1,Bartoline CompoundDavaoPhilippines,Country,-1,-1,Bolton IslandDavaoPhilippines,Country,-1,-1,BUNHOADavaoPhilippines,Country,-1,-1;City "City" true true false 80 Text 0 0 ,First,#,BUSVHAIDavaoPhilippines,City,-1,-1,CABUPHOADavaoPhilippines,City,-1,-1,Castro VillageDavaoPhilippines,City,-1,-1,ConcepcionDavaoPhilippines,City,-1,-1,COREASDavaoPhilippines,City,-1,-1,De GardenDavaoPhilippines,City,-1,-1,Dumalag 2DavaoPhilippines,City,-1,-1,Dumalag 3DavaoPhilippines,City,-1,-1,Happy Times Neighborhood AssociationDavaoPhilippines,City,-1,-1,Isla TabokDavaoPhilippines,City,-1,-1,Jose Camus Extension of Barangay 9ADavaoPhilippines,City,-1,-1,Juan VillageDavaoPhilippines,City,-1,-1,KABOPOADavaoPhilippines,City,-1,-1,Mabuhay Homeowners AssociationDavaoPhilippines,City,-1,-1,MASEADavaoPhilippines,City,-1,-1,MGR teachers VillageDavaoPhilippines,City,-1,-1,Arroyo CompoundDavaoPhilippines,City,-1,-1,BalaiDavaoPhilippines,City,-1,-1,BaleteDavaoPhilippines,City,-1,-1,BangkaanDavaoPhilippines,City,-1,-1,Barangay 31D SIR Pilot Homeowners AssociationDavaoPhilippines,City,-1,-1,Bartoline CompoundDavaoPhilippines,City,-1,-1,Bolton IslandDavaoPhilippines,City,-1,-1,BUNHOADavaoPhilippines,City,-1,-1;Settlement "Settlement" true true false 80 Text 0 0 ,First,#,BUSVHAIDavaoPhilippines,Settlement,-1,-1,CABUPHOADavaoPhilippines,Settlement,-1,-1,Castro VillageDavaoPhilippines,Settlement,-1,-1,ConcepcionDavaoPhilippines,Settlement,-1,-1,COREASDavaoPhilippines,Settlement,-1,-1,De GardenDavaoPhilippines,Settlement,-1,-1,Dumalag 2DavaoPhilippines,Settlement,-1,-1,Dumalag 3DavaoPhilippines,Settlement,-1,-1,Happy Times Neighborhood AssociationDavaoPhilippines,Settlement,-1,-1,Isla TabokDavaoPhilippines,Settlement,-1,-1,Jose Camus Extension of Barangay 9ADavaoPhilippines,Settlement,-1,-1,Juan VillageDavaoPhilippines,Settlement,-1,-1,KABOPOADavaoPhilippines,Settlement,-1,-1,Mabuhay Homeowners AssociationDavaoPhilippines,Settlement,-1,-1,MASEADavaoPhilippines,Settlement,-1,-1,MGR teachers VillageDavaoPhilippines,Settlement,-1,-1,Arroyo CompoundDavaoPhilippines,Settlement,-1,-1,BalaiDavaoPhilippines,Settlement,-1,-1,BaleteDavaoPhilippines,Settlement,-1,-1,BangkaanDavaoPhilippines,Settlement,-1,-1,Barangay 31D SIR Pilot Homeowners AssociationDavaoPhilippines,Settlement,-1,-1,Bartoline CompoundDavaoPhilippines,Settlement,-1,-1,Bolton IslandDavaoPhilippines,Settlement,-1,-1,BUNHOADavaoPhilippines,Settlement,-1,-1;Establishe "Establishe" true true false 80 Text 0 0 ,First,#,BUSVHAIDavaoPhilippines,Establishe,-1,-1,CABUPHOADavaoPhilippines,Establishe,-1,-1,Castro VillageDavaoPhilippines,Establishe,-1,-1,ConcepcionDavaoPhilippines,Establishe,-1,-1,COREASDavaoPhilippines,Establishe,-1,-1,De GardenDavaoPhilippines,Establishe,-1,-1,Dumalag 2DavaoPhilippines,Establishe,-1,-1,Dumalag 3DavaoPhilippines,Establishe,-1,-1,Happy Times Neighborhood AssociationDavaoPhilippines,Establishe,-1,-1,Isla TabokDavaoPhilippines,Establishe,-1,-1,Jose Camus Extension of Barangay 9ADavaoPhilippines,Establishe,-1,-1,Juan VillageDavaoPhilippines,Establishe,-1,-1,KABOPOADavaoPhilippines,Establishe,-1,-1,Mabuhay Homeowners AssociationDavaoPhilippines,Establishe,-1,-1,MASEADavaoPhilippines,Establishe,-1,-1,MGR teachers VillageDavaoPhilippines,Establishe,-1,-1,Arroyo CompoundDavaoPhilippines,Establishe,-1,-1,BalaiDavaoPhilippines,Establishe,-1,-1,BaleteDavaoPhilippines,Establishe,-1,-1,BangkaanDavaoPhilippines,Establishe,-1,-1,Barangay 31D SIR Pilot Homeowners AssociationDavaoPhilippines,Establishe,-1,-1,Bartoline CompoundDavaoPhilippines,Establishe,-1,-1,Bolton IslandDavaoPhilippines,Establishe,-1,-1,BUNHOADavaoPhilippines,Establishe,-1,-1;Last_Updat "Last_Updat" true true false 80 Text 0 0 ,First,#,BUSVHAIDavaoPhilippines,Last Updat,-1,-1,CABUPHOADavaoPhilippines,Last Updat,-1,-1,Castro VillageDavaoPhilippines,Last Updat,-1,-1,ConcepcionDavaoPhilippines,Last Updat,-1,-1,COREASDavaoPhilippines,Last Updat,-1,-1,De GardenDavaoPhilippines,Last Updat,-1,-1,Dumalag 2DavaoPhilippines,Last Updat,-1,-1,Dumalag 3DavaoPhilippines,Last Updat,-1,-1,Happy Times Neighborhood AssociationDavaoPhilippines,Last Updat,-1,-1,Isla TabokDavaoPhilippines,Last Updat,-1,-1,Jose Camus Extension of Barangay 9ADavaoPhilippines,Last Updat,-1,-1,Juan VillageDavaoPhilippines,Last Updat,-1,-1,KABOPOADavaoPhilippines,Last Updat,-1,-1,Mabuhay Homeowners AssociationDavaoPhilippines,Last Updat,-1,-1,MASEADavaoPhilippines,Last Updat,-1,-1,MGR teachers VillageDavaoPhilippines,Last Updat,-1,-1,Arroyo CompoundDavaoPhilippines,Last Updat,-1,-1,BalaiDavaoPhilippines,Last Updat,-1,-1,BaleteDavaoPhilippines,Last Updat,-1,-1,BangkaanDavaoPhilippines,Last Updat,-1,-1,Barangay 31D SIR Pilot Homeowners AssociationDavaoPhilippines,Last Updat,-1,-1,Bartoline CompoundDavaoPhilippines,Last Updat,-1,-1,Bolton IslandDavaoPhilippines,Last Updat,-1,-1,BUNHOADavaoPhilippines,Last Updat,-1,-1;Population "Population" true true false 80 Text 0 0 ,First,#,BUSVHAIDavaoPhilippines,Population,-1,-1,CABUPHOADavaoPhilippines,Population,-1,-1,Castro VillageDavaoPhilippines,Population,-1,-1,ConcepcionDavaoPhilippines,Population,-1,-1,COREASDavaoPhilippines,Population,-1,-1,De GardenDavaoPhilippines,Population,-1,-1,Dumalag 2DavaoPhilippines,Population,-1,-1,Dumalag 3DavaoPhilippines,Population,-1,-1,Happy Times Neighborhood AssociationDavaoPhilippines,Population,-1,-1,Isla TabokDavaoPhilippines,Population,-1,-1,Jose Camus Extension of Barangay 9ADavaoPhilippines,Population,-1,-1,Juan VillageDavaoPhilippines,Population,-1,-1,KABOPOADavaoPhilippines,Population,-1,-1,Mabuhay Homeowners AssociationDavaoPhilippines,Population,-1,-1,MASEADavaoPhilippines,Population,-1,-1,MGR teachers VillageDavaoPhilippines,Population,-1,-1,Arroyo CompoundDavaoPhilippines,Population,-1,-1,BalaiDavaoPhilippines,Population,-1,-1,BaleteDavaoPhilippines,Population,-1,-1,BangkaanDavaoPhilippines,Population,-1,-1,Barangay 31D SIR Pilot Homeowners AssociationDavaoPhilippines,Population,-1,-1,Bartoline CompoundDavaoPhilippines,Population,-1,-1,Bolton IslandDavaoPhilippines,Population,-1,-1,BUNHOADavaoPhilippines,Population,-1,-1;Structures "Structures" true true false 80 Text 0 0 ,First,#,BUSVHAIDavaoPhilippines,Structures,-1,-1,CABUPHOADavaoPhilippines,Structures,-1,-1,Castro VillageDavaoPhilippines,Structures,-1,-1,ConcepcionDavaoPhilippines,Structures,-1,-1,COREASDavaoPhilippines,Structures,-1,-1,De GardenDavaoPhilippines,Structures,-1,-1,Dumalag 2DavaoPhilippines,Structures,-1,-1,Dumalag 3DavaoPhilippines,Structures,-1,-1,Happy Times Neighborhood AssociationDavaoPhilippines,Structures,-1,-1,Isla TabokDavaoPhilippines,Structures,-1,-1,Jose Camus Extension of Barangay 9ADavaoPhilippines,Structures,-1,-1,Juan VillageDavaoPhilippines,Structures,-1,-1,KABOPOADavaoPhilippines,Structures,-1,-1,Mabuhay Homeowners AssociationDavaoPhilippines,Structures,-1,-1,MASEADavaoPhilippines,Structures,-1,-1,MGR teachers VillageDavaoPhilippines,Structures,-1,-1,Arroyo CompoundDavaoPhilippines,Structures,-1,-1,BalaiDavaoPhilippines,Structures,-1,-1,BaleteDavaoPhilippines,Structures,-1,-1,BangkaanDavaoPhilippines,Structures,-1,-1,Barangay 31D SIR Pilot Homeowners AssociationDavaoPhilippines,Structures,-1,-1,Bartoline CompoundDavaoPhilippines,Structures,-1,-1,Bolton IslandDavaoPhilippines,Structures,-1,-1,BUNHOADavaoPhilippines,Structures,-1,-1;url "url" true true false 80 Text 0 0 ,First,#,BUSVHAIDavaoPhilippines,url,-1,-1,CABUPHOADavaoPhilippines,url,-1,-1,Castro VillageDavaoPhilippines,url,-1,-1,ConcepcionDavaoPhilippines,url,-1,-1,COREASDavaoPhilippines,url,-1,-1,De GardenDavaoPhilippines,url,-1,-1,Dumalag 2DavaoPhilippines,url,-1,-1,Dumalag 3DavaoPhilippines,url,-1,-1,Happy Times Neighborhood AssociationDavaoPhilippines,url,-1,-1,Isla TabokDavaoPhilippines,url,-1,-1,Jose Camus Extension of Barangay 9ADavaoPhilippines,url,-1,-1,Juan VillageDavaoPhilippines,url,-1,-1,KABOPOADavaoPhilippines,url,-1,-1,Mabuhay Homeowners AssociationDavaoPhilippines,url,-1,-1,MASEADavaoPhilippines,url,-1,-1,MGR teachers VillageDavaoPhilippines,url,-1,-1,Arroyo CompoundDavaoPhilippines,url,-1,-1,BalaiDavaoPhilippines,url,-1,-1,BaleteDavaoPhilippines,url,-1,-1,BangkaanDavaoPhilippines,url,-1,-1,Barangay 31D SIR Pilot Homeowners AssociationDavaoPhilippines,url,-1,-1,Bartoline CompoundDavaoPhilippines,url,-1,-1,Bolton IslandDavaoPhilippines,url,-1,-1,BUNHOADavaoPhilippines,url,-1,-1"</Process></lineage></DataProperties><SyncDate>20211026</SyncDate><SyncTime>21492900</SyncTime><ModDate>20211026</ModDate><ModTime>21492900</ModTime></Esri><dataIdInfo><envirDesc Sync="TRUE"> Version 6.2 (Build 9200) ; Esri ArcGIS 10.8.1.14362</envirDesc><dataLang><languageCode value="eng" Sync="TRUE"></languageCode><countryCode value="USA" Sync="TRUE"></countryCode></dataLang><idCitation><resTitle Sync="TRUE">DavaoPhilippines_Merge</resTitle><presForm><PresFormCd value="005" Sync="TRUE"></PresFormCd></presForm></idCitation><spatRpType><SpatRepTypCd value="001" Sync="TRUE"></SpatRepTypCd></spatRpType></dataIdInfo><mdLang><languageCode value="eng" Sync="TRUE"></languageCode><countryCode value="USA" Sync="TRUE"></countryCode></mdLang><mdChar><CharSetCd value="004" Sync="TRUE"></CharSetCd></mdChar><distInfo><distFormat><formatName Sync="TRUE">Shapefile</formatName></distFormat><distTranOps><transSize Sync="TRUE">0.000</transSize></distTranOps></distInfo><mdHrLv><ScopeCd value="005" Sync="TRUE"></ScopeCd></mdHrLv><mdHrLvName Sync="TRUE">dataset</mdHrLvName><refSysInfo><RefSystem><refSysID><identCode code="4326" Sync="TRUE"></identCode><idCodeSpace Sync="TRUE">EPSG</idCodeSpace><idVersion Sync="TRUE">6.14(3.0.1)</idVersion></refSysID></RefSystem></refSysInfo><spatRepInfo><VectSpatRep><geometObjs Name="DavaoPhilippines_Merge"><geoObjTyp><GeoObjTypCd value="002" Sync="TRUE"></GeoObjTypCd></geoObjTyp><geoObjCnt Sync="TRUE">0</geoObjCnt></geometObjs><topLvl><TopoLevCd value="001" Sync="TRUE"></TopoLevCd></topLvl></VectSpatRep></spatRepInfo><spdoinfo><ptvctinf><esriterm Name="DavaoPhilippines_Merge"><efeatyp Sync="TRUE">Simple</efeatyp><efeageom code="4" Sync="TRUE"></efeageom><esritopo Sync="TRUE">FALSE</esritopo><efeacnt Sync="TRUE">0</efeacnt><spindex Sync="TRUE">FALSE</spindex><linrefer Sync="TRUE">FALSE</linrefer></esriterm></ptvctinf></spdoinfo><eainfo><detailed Name="DavaoPhilippines_Merge"><enttyp><enttypl Sync="TRUE">DavaoPhilippines_Merge</enttypl><enttypt Sync="TRUE">Feature Class</enttypt><enttypc Sync="TRUE">0</enttypc></enttyp><attr><attrlabl Sync="TRUE">FID</attrlabl><attalias Sync="TRUE">FID</attalias><attrtype Sync="TRUE">OID</attrtype><attwidth Sync="TRUE">4</attwidth><atprecis Sync="TRUE">0</atprecis><attscale Sync="TRUE">0</attscale><attrdef Sync="TRUE">Internal feature number.</attrdef><attrdefs Sync="TRUE">Esri</attrdefs><attrdomv><udom Sync="TRUE">Sequential unique whole numbers that are automatically generated.</udom></attrdomv></attr><attr><attrlabl Sync="TRUE">Shape</attrlabl><attalias Sync="TRUE">Shape</attalias><attrtype Sync="TRUE">Geometry</attrtype><attwidth Sync="TRUE">0</attwidth><atprecis Sync="TRUE">0</atprecis><attscale Sync="TRUE">0</attscale><attrdef Sync="TRUE">Feature geometry.</attrdef><attrdefs Sync="TRUE">Esri</attrdefs><attrdomv><udom Sync="TRUE">Coordinates defining the features.</udom></attrdomv></attr><attr><attrlabl Sync="TRUE">Country</attrlabl><attalias Sync="TRUE">Country</attalias><attrtype Sync="TRUE">String</attrtype><attwidth Sync="TRUE">80</attwidth><atprecis Sync="TRUE">0</atprecis><attscale Sync="TRUE">0</attscale></attr><attr><attrlabl Sync="TRUE">City</attrlabl><attalias Sync="TRUE">City</attalias><attrtype Sync="TRUE">String</attrtype><attwidth Sync="TRUE">80</attwidth><atprecis Sync="TRUE">0</atprecis><attscale Sync="TRUE">0</attscale></attr><attr><attrlabl Sync="TRUE">Settlement</attrlabl><attalias Sync="TRUE">Settlement</attalias><attrtype Sync="TRUE">String</attrtype><attwidth Sync="TRUE">80</attwidth><atprecis Sync="TRUE">0</atprecis><attscale Sync="TRUE">0</attscale></attr><attr><attrlabl Sync="TRUE">Establishe</attrlabl><attalias Sync="TRUE">Establishe</attalias><attrtype Sync="TRUE">String</attrtype><attwidth Sync="TRUE">80</attwidth><atprecis Sync="TRUE">0</atprecis><attscale Sync="TRUE">0</attscale></attr><attr><attrlabl Sync="TRUE">Last_Updat</attrlabl><attalias Sync="TRUE">Last_Updat</attalias><attrtype Sync="TRUE">String</attrtype><attwidth Sync="TRUE">80</attwidth><atprecis Sync="TRUE">0</atprecis><attscale Sync="TRUE">0</attscale></attr><attr><attrlabl Sync="TRUE">Population</attrlabl><attalias Sync="TRUE">Population</attalias><attrtype Sync="TRUE">String</attrtype><attwidth Sync="TRUE">80</attwidth><atprecis Sync="TRUE">0</atprecis><attscale Sync="TRUE">0</attscale></attr><attr><attrlabl Sync="TRUE">Structures</attrlabl><attalias Sync="TRUE">Structures</attalias><attrtype Sync="TRUE">String</attrtype><attwidth Sync="TRUE">80</attwidth><atprecis Sync="TRUE">0</atprecis><attscale Sync="TRUE">0</attscale></attr><attr><attrlabl Sync="TRUE">url</attrlabl><attalias Sync="TRUE">url</attalias><attrtype Sync="TRUE">String</attrtype><attwidth Sync="TRUE">80</attwidth><atprecis Sync="TRUE">0</atprecis><attscale Sync="TRUE">0</attscale></attr></detailed></eainfo><mdDateSt Sync="TRUE">20211026</mdDateSt></metadata>
