<?xml version="1.0" encoding="UTF-8"?>
<metadata xml:lang="en"><Esri><CreaDate>20211027</CreaDate><CreaTime>00080200</CreaTime><ArcGISFormat>1.0</ArcGISFormat><SyncOnce>FALSE</SyncOnce><DataProperties><itemProps><itemName Sync="TRUE">MakueniKenya_Merge</itemName><imsContentType Sync="TRUE">002</imsContentType><itemSize Sync="TRUE">0.000</itemSize><itemLocation><linkage Sync="TRUE">file://\\DESKTOP-7NESSPS\C$\Users\PC\Documents\ArcGIS\MakueniKenya_Merge.shp</linkage><protocol Sync="TRUE">Local Area Network</protocol></itemLocation></itemProps><coordRef><type Sync="TRUE">Geographic</type><geogcsn Sync="TRUE">GCS_WGS_1984</geogcsn><csUnits Sync="TRUE">Angular Unit: Degree (0.017453)</csUnits><peXml Sync="TRUE">&lt;GeographicCoordinateSystem xsi:type='typens:GeographicCoordinateSystem' xmlns:xsi='http://www.w3.org/2001/XMLSchema-instance' xmlns:xs='http://www.w3.org/2001/XMLSchema' xmlns:typens='http://www.esri.com/schemas/ArcGIS/10.8'&gt;&lt;WKT&gt;GEOGCS[&amp;quot;GCS_WGS_1984&amp;quot;,DATUM[&amp;quot;D_WGS_1984&amp;quot;,SPHEROID[&amp;quot;WGS_1984&amp;quot;,6378137.0,298.257223563]],PRIMEM[&amp;quot;Greenwich&amp;quot;,0.0],UNIT[&amp;quot;Degree&amp;quot;,0.0174532925199433],AUTHORITY[&amp;quot;EPSG&amp;quot;,4326]]&lt;/WKT&gt;&lt;XOrigin&gt;-400&lt;/XOrigin&gt;&lt;YOrigin&gt;-400&lt;/YOrigin&gt;&lt;XYScale&gt;11258999068426.238&lt;/XYScale&gt;&lt;ZOrigin&gt;-100000&lt;/ZOrigin&gt;&lt;ZScale&gt;10000&lt;/ZScale&gt;&lt;MOrigin&gt;-100000&lt;/MOrigin&gt;&lt;MScale&gt;10000&lt;/MScale&gt;&lt;XYTolerance&gt;8.983152841195215e-09&lt;/XYTolerance&gt;&lt;ZTolerance&gt;0.001&lt;/ZTolerance&gt;&lt;MTolerance&gt;0.001&lt;/MTolerance&gt;&lt;HighPrecision&gt;true&lt;/HighPrecision&gt;&lt;LeftLongitude&gt;-180&lt;/LeftLongitude&gt;&lt;WKID&gt;4326&lt;/WKID&gt;&lt;LatestWKID&gt;4326&lt;/LatestWKID&gt;&lt;/GeographicCoordinateSystem&gt;</peXml></coordRef><lineage><Process ToolSource="c:\program files (x86)\arcgis\desktop10.8\ArcToolbox\Toolboxes\Data Management Tools.tbx\Merge" Date="20211027" Time="000814">Merge KituluMakueniKenya;'Kwa malaiMakueniKenya';'maluuni villageMakueniKenya';METAVAMakueniKenya;MIAANIMakueniKenya;'MIKUMBONI SQUATTERSMakueniKenya';'BOMA 4MakueniKenya';'BOMA 5 (KALEMBE RAHA)MakueniKenya';BOMA(WILD LIFE)KANYANGIMakueniKenya;IluluiniMakueniKenya;KanaaniMakueniKenya;'Katheka kaiMakueniKenya';KimooiniMakueniKenya C:\Users\PC\Documents\ArcGIS\MakueniKenya_Merge.shp "Country "Country" true true false 80 Text 0 0 ,First,#,KituluMakueniKenya,Country,-1,-1,Kwa malaiMakueniKenya,Country,-1,-1,maluuni villageMakueniKenya,Country,-1,-1,METAVAMakueniKenya,Country,-1,-1,MIAANIMakueniKenya,Country,-1,-1,MIKUMBONI SQUATTERSMakueniKenya,Country,-1,-1,BOMA 4MakueniKenya,Country,-1,-1,BOMA 5 (KALEMBE RAHA)MakueniKenya,Country,-1,-1,BOMA(WILD LIFE)KANYANGIMakueniKenya,Country,-1,-1,IluluiniMakueniKenya,Country,-1,-1,KanaaniMakueniKenya,Country,-1,-1,Katheka kaiMakueniKenya,Country,-1,-1,KimooiniMakueniKenya,Country,-1,-1;City "City" true true false 80 Text 0 0 ,First,#,KituluMakueniKenya,City,-1,-1,Kwa malaiMakueniKenya,City,-1,-1,maluuni villageMakueniKenya,City,-1,-1,METAVAMakueniKenya,City,-1,-1,MIAANIMakueniKenya,City,-1,-1,MIKUMBONI SQUATTERSMakueniKenya,City,-1,-1,BOMA 4MakueniKenya,City,-1,-1,BOMA 5 (KALEMBE RAHA)MakueniKenya,City,-1,-1,BOMA(WILD LIFE)KANYANGIMakueniKenya,City,-1,-1,IluluiniMakueniKenya,City,-1,-1,KanaaniMakueniKenya,City,-1,-1,Katheka kaiMakueniKenya,City,-1,-1,KimooiniMakueniKenya,City,-1,-1;Settlement "Settlement" true true false 80 Text 0 0 ,First,#,KituluMakueniKenya,Settlement,-1,-1,Kwa malaiMakueniKenya,Settlement,-1,-1,maluuni villageMakueniKenya,Settlement,-1,-1,METAVAMakueniKenya,Settlement,-1,-1,MIAANIMakueniKenya,Settlement,-1,-1,MIKUMBONI SQUATTERSMakueniKenya,Settlement,-1,-1,BOMA 4MakueniKenya,Settlement,-1,-1,BOMA 5 (KALEMBE RAHA)MakueniKenya,Settlement,-1,-1,BOMA(WILD LIFE)KANYANGIMakueniKenya,Settlement,-1,-1,IluluiniMakueniKenya,Settlement,-1,-1,KanaaniMakueniKenya,Settlement,-1,-1,Katheka kaiMakueniKenya,Settlement,-1,-1,KimooiniMakueniKenya,Settlement,-1,-1;Establishe "Establishe" true true false 80 Text 0 0 ,First,#,KituluMakueniKenya,Establishe,-1,-1,Kwa malaiMakueniKenya,Establishe,-1,-1,maluuni villageMakueniKenya,Establishe,-1,-1,METAVAMakueniKenya,Establishe,-1,-1,MIAANIMakueniKenya,Establishe,-1,-1,MIKUMBONI SQUATTERSMakueniKenya,Establishe,-1,-1,BOMA 4MakueniKenya,Establishe,-1,-1,BOMA 5 (KALEMBE RAHA)MakueniKenya,Establishe,-1,-1,BOMA(WILD LIFE)KANYANGIMakueniKenya,Establishe,-1,-1,IluluiniMakueniKenya,Establishe,-1,-1,KanaaniMakueniKenya,Establishe,-1,-1,Katheka kaiMakueniKenya,Establishe,-1,-1,KimooiniMakueniKenya,Establishe,-1,-1;Last_Updat "Last_Updat" true true false 80 Text 0 0 ,First,#,KituluMakueniKenya,Last Updat,-1,-1,Kwa malaiMakueniKenya,Last Updat,-1,-1,maluuni villageMakueniKenya,Last Updat,-1,-1,METAVAMakueniKenya,Last Updat,-1,-1,MIAANIMakueniKenya,Last Updat,-1,-1,MIKUMBONI SQUATTERSMakueniKenya,Last Updat,-1,-1,BOMA 4MakueniKenya,Last Updat,-1,-1,BOMA 5 (KALEMBE RAHA)MakueniKenya,Last Updat,-1,-1,BOMA(WILD LIFE)KANYANGIMakueniKenya,Last Updat,-1,-1,IluluiniMakueniKenya,Last Updat,-1,-1,KanaaniMakueniKenya,Last Updat,-1,-1,Katheka kaiMakueniKenya,Last Updat,-1,-1,KimooiniMakueniKenya,Last Updat,-1,-1;Population "Population" true true false 80 Text 0 0 ,First,#,KituluMakueniKenya,Population,-1,-1,Kwa malaiMakueniKenya,Population,-1,-1,maluuni villageMakueniKenya,Population,-1,-1,METAVAMakueniKenya,Population,-1,-1,MIAANIMakueniKenya,Population,-1,-1,MIKUMBONI SQUATTERSMakueniKenya,Population,-1,-1,BOMA 4MakueniKenya,Population,-1,-1,BOMA 5 (KALEMBE RAHA)MakueniKenya,Population,-1,-1,BOMA(WILD LIFE)KANYANGIMakueniKenya,Population,-1,-1,IluluiniMakueniKenya,Population,-1,-1,KanaaniMakueniKenya,Population,-1,-1,Katheka kaiMakueniKenya,Population,-1,-1,KimooiniMakueniKenya,Population,-1,-1;Structures "Structures" true true false 254 Text 0 0 ,First,#,KituluMakueniKenya,Structures,-1,-1,Kwa malaiMakueniKenya,Structures,-1,-1,maluuni villageMakueniKenya,Structures,-1,-1,METAVAMakueniKenya,Structures,-1,-1,MIAANIMakueniKenya,Structures,-1,-1,MIKUMBONI SQUATTERSMakueniKenya,Structures,-1,-1,BOMA 4MakueniKenya,Structures,-1,-1,BOMA 5 (KALEMBE RAHA)MakueniKenya,Structures,-1,-1,BOMA(WILD LIFE)KANYANGIMakueniKenya,Structures,-1,-1,IluluiniMakueniKenya,Structures,-1,-1,KanaaniMakueniKenya,Structures,-1,-1,Katheka kaiMakueniKenya,Structures,-1,-1,KimooiniMakueniKenya,Structures,-1,-1;url "url" true true false 80 Text 0 0 ,First,#,KituluMakueniKenya,url,-1,-1,Kwa malaiMakueniKenya,url,-1,-1,maluuni villageMakueniKenya,url,-1,-1,METAVAMakueniKenya,url,-1,-1,MIAANIMakueniKenya,url,-1,-1,MIKUMBONI SQUATTERSMakueniKenya,url,-1,-1,BOMA 4MakueniKenya,url,-1,-1,BOMA 5 (KALEMBE RAHA)MakueniKenya,url,-1,-1,BOMA(WILD LIFE)KANYANGIMakueniKenya,url,-1,-1,IluluiniMakueniKenya,url,-1,-1,KanaaniMakueniKenya,url,-1,-1,Katheka kaiMakueniKenya,url,-1,-1,KimooiniMakueniKenya,url,-1,-1"</Process></lineage></DataProperties><SyncDate>20211027</SyncDate><SyncTime>00080200</SyncTime><ModDate>20211027</ModDate><ModTime>00080200</ModTime></Esri><dataIdInfo><envirDesc Sync="TRUE"> Version 6.2 (Build 9200) ; Esri ArcGIS 10.8.1.14362</envirDesc><dataLang><languageCode value="eng" Sync="TRUE"></languageCode><countryCode value="USA" Sync="TRUE"></countryCode></dataLang><idCitation><resTitle Sync="TRUE">MakueniKenya_Merge</resTitle><presForm><PresFormCd value="005" Sync="TRUE"></PresFormCd></presForm></idCitation><spatRpType><SpatRepTypCd value="001" Sync="TRUE"></SpatRepTypCd></spatRpType></dataIdInfo><mdLang><languageCode value="eng" Sync="TRUE"></languageCode><countryCode value="USA" Sync="TRUE"></countryCode></mdLang><mdChar><CharSetCd value="004" Sync="TRUE"></CharSetCd></mdChar><distInfo><distFormat><formatName Sync="TRUE">Shapefile</formatName></distFormat><distTranOps><transSize Sync="TRUE">0.000</transSize></distTranOps></distInfo><mdHrLv><ScopeCd value="005" Sync="TRUE"></ScopeCd></mdHrLv><mdHrLvName Sync="TRUE">dataset</mdHrLvName><refSysInfo><RefSystem><refSysID><identCode code="4326" Sync="TRUE"></identCode><idCodeSpace Sync="TRUE">EPSG</idCodeSpace><idVersion Sync="TRUE">6.14(3.0.1)</idVersion></refSysID></RefSystem></refSysInfo><spatRepInfo><VectSpatRep><geometObjs Name="MakueniKenya_Merge"><geoObjTyp><GeoObjTypCd value="002" Sync="TRUE"></GeoObjTypCd></geoObjTyp><geoObjCnt Sync="TRUE">0</geoObjCnt></geometObjs><topLvl><TopoLevCd value="001" Sync="TRUE"></TopoLevCd></topLvl></VectSpatRep></spatRepInfo><spdoinfo><ptvctinf><esriterm Name="MakueniKenya_Merge"><efeatyp Sync="TRUE">Simple</efeatyp><efeageom code="4" Sync="TRUE"></efeageom><esritopo Sync="TRUE">FALSE</esritopo><efeacnt Sync="TRUE">0</efeacnt><spindex Sync="TRUE">FALSE</spindex><linrefer Sync="TRUE">FALSE</linrefer></esriterm></ptvctinf></spdoinfo><eainfo><detailed Name="MakueniKenya_Merge"><enttyp><enttypl Sync="TRUE">MakueniKenya_Merge</enttypl><enttypt Sync="TRUE">Feature Class</enttypt><enttypc Sync="TRUE">0</enttypc></enttyp><attr><attrlabl Sync="TRUE">FID</attrlabl><attalias Sync="TRUE">FID</attalias><attrtype Sync="TRUE">OID</attrtype><attwidth Sync="TRUE">4</attwidth><atprecis Sync="TRUE">0</atprecis><attscale Sync="TRUE">0</attscale><attrdef Sync="TRUE">Internal feature number.</attrdef><attrdefs Sync="TRUE">Esri</attrdefs><attrdomv><udom Sync="TRUE">Sequential unique whole numbers that are automatically generated.</udom></attrdomv></attr><attr><attrlabl Sync="TRUE">Shape</attrlabl><attalias Sync="TRUE">Shape</attalias><attrtype Sync="TRUE">Geometry</attrtype><attwidth Sync="TRUE">0</attwidth><atprecis Sync="TRUE">0</atprecis><attscale Sync="TRUE">0</attscale><attrdef Sync="TRUE">Feature geometry.</attrdef><attrdefs Sync="TRUE">Esri</attrdefs><attrdomv><udom Sync="TRUE">Coordinates defining the features.</udom></attrdomv></attr><attr><attrlabl Sync="TRUE">Country</attrlabl><attalias Sync="TRUE">Country</attalias><attrtype Sync="TRUE">String</attrtype><attwidth Sync="TRUE">80</attwidth><atprecis Sync="TRUE">0</atprecis><attscale Sync="TRUE">0</attscale></attr><attr><attrlabl Sync="TRUE">City</attrlabl><attalias Sync="TRUE">City</attalias><attrtype Sync="TRUE">String</attrtype><attwidth Sync="TRUE">80</attwidth><atprecis Sync="TRUE">0</atprecis><attscale Sync="TRUE">0</attscale></attr><attr><attrlabl Sync="TRUE">Settlement</attrlabl><attalias Sync="TRUE">Settlement</attalias><attrtype Sync="TRUE">String</attrtype><attwidth Sync="TRUE">80</attwidth><atprecis Sync="TRUE">0</atprecis><attscale Sync="TRUE">0</attscale></attr><attr><attrlabl Sync="TRUE">Establishe</attrlabl><attalias Sync="TRUE">Establishe</attalias><attrtype Sync="TRUE">String</attrtype><attwidth Sync="TRUE">80</attwidth><atprecis Sync="TRUE">0</atprecis><attscale Sync="TRUE">0</attscale></attr><attr><attrlabl Sync="TRUE">Last_Updat</attrlabl><attalias Sync="TRUE">Last_Updat</attalias><attrtype Sync="TRUE">String</attrtype><attwidth Sync="TRUE">80</attwidth><atprecis Sync="TRUE">0</atprecis><attscale Sync="TRUE">0</attscale></attr><attr><attrlabl Sync="TRUE">Population</attrlabl><attalias Sync="TRUE">Population</attalias><attrtype Sync="TRUE">String</attrtype><attwidth Sync="TRUE">80</attwidth><atprecis Sync="TRUE">0</atprecis><attscale Sync="TRUE">0</attscale></attr><attr><attrlabl Sync="TRUE">Structures</attrlabl><attalias Sync="TRUE">Structures</attalias><attrtype Sync="TRUE">String</attrtype><attwidth Sync="TRUE">254</attwidth><atprecis Sync="TRUE">0</atprecis><attscale Sync="TRUE">0</attscale></attr><attr><attrlabl Sync="TRUE">url</attrlabl><attalias Sync="TRUE">url</attalias><attrtype Sync="TRUE">String</attrtype><attwidth Sync="TRUE">80</attwidth><atprecis Sync="TRUE">0</atprecis><attscale Sync="TRUE">0</attscale></attr></detailed></eainfo><mdDateSt Sync="TRUE">20211027</mdDateSt></metadata>
