<?xml version="1.0" encoding="UTF-8"?>
<metadata xml:lang="en"><Esri><CreaDate>20211026</CreaDate><CreaTime>23135900</CreaTime><ArcGISFormat>1.0</ArcGISFormat><SyncOnce>FALSE</SyncOnce><DataProperties><itemProps><itemName Sync="TRUE">KisumuKenya_Merge2</itemName><imsContentType Sync="TRUE">002</imsContentType><itemSize Sync="TRUE">0.000</itemSize><itemLocation><linkage Sync="TRUE">file://\\DESKTOP-7NESSPS\C$\Users\PC\Documents\ArcGIS\KisumuKenya_Merge2.shp</linkage><protocol Sync="TRUE">Local Area Network</protocol></itemLocation></itemProps><coordRef><type Sync="TRUE">Geographic</type><geogcsn Sync="TRUE">GCS_WGS_1984</geogcsn><csUnits Sync="TRUE">Angular Unit: Degree (0.017453)</csUnits><peXml Sync="TRUE">&lt;GeographicCoordinateSystem xsi:type='typens:GeographicCoordinateSystem' xmlns:xsi='http://www.w3.org/2001/XMLSchema-instance' xmlns:xs='http://www.w3.org/2001/XMLSchema' xmlns:typens='http://www.esri.com/schemas/ArcGIS/10.8'&gt;&lt;WKT&gt;GEOGCS[&amp;quot;GCS_WGS_1984&amp;quot;,DATUM[&amp;quot;D_WGS_1984&amp;quot;,SPHEROID[&amp;quot;WGS_1984&amp;quot;,6378137.0,298.257223563]],PRIMEM[&amp;quot;Greenwich&amp;quot;,0.0],UNIT[&amp;quot;Degree&amp;quot;,0.0174532925199433],AUTHORITY[&amp;quot;EPSG&amp;quot;,4326]]&lt;/WKT&gt;&lt;XOrigin&gt;-400&lt;/XOrigin&gt;&lt;YOrigin&gt;-400&lt;/YOrigin&gt;&lt;XYScale&gt;11258999068426.238&lt;/XYScale&gt;&lt;ZOrigin&gt;-100000&lt;/ZOrigin&gt;&lt;ZScale&gt;10000&lt;/ZScale&gt;&lt;MOrigin&gt;-100000&lt;/MOrigin&gt;&lt;MScale&gt;10000&lt;/MScale&gt;&lt;XYTolerance&gt;8.983152841195215e-09&lt;/XYTolerance&gt;&lt;ZTolerance&gt;0.001&lt;/ZTolerance&gt;&lt;MTolerance&gt;0.001&lt;/MTolerance&gt;&lt;HighPrecision&gt;true&lt;/HighPrecision&gt;&lt;LeftLongitude&gt;-180&lt;/LeftLongitude&gt;&lt;WKID&gt;4326&lt;/WKID&gt;&lt;LatestWKID&gt;4326&lt;/LatestWKID&gt;&lt;/GeographicCoordinateSystem&gt;</peXml></coordRef><lineage><Process ToolSource="c:\program files (x86)\arcgis\desktop10.8\ArcToolbox\Toolboxes\Data Management Tools.tbx\Merge" Date="20211026" Time="231409">Merge KOWINOKisumuKenya;KREKIKisumuKenya;'Kudho villageKisumuKenya';'KWOYO VILLAGEKisumuKenya';MAMBOLEOKisumuKenya;'MANYATTA  ARABKisumuKenya';'MANYATTA LOWER KANYAKWAR UNITKisumuKenya';'META METAKisumuKenya';ANGIRAKisumuKenya;'BANDANI BRIGHT LIGHTKisumuKenya';'BANDANI CENTRE VILLAGEKisumuKenya';'BREAK POINTKisumuKenya';DAGOKisumuKenya;DungaKisumuKenya;'FLAMINGO UNITKisumuKenya';'GONDA VILLAGEKisumuKenya';'GOT OWAKKisumuKenya';'Ka waterKisumuKenya';KALOLENIKisumuKenya;KASARANIKisumuKenya;'KIBOS marketKisumuKenya';'KIBOS NUBIANKisumuKenya';KILOKisumuKenya;KONA-MBUTAKisumuKenya;KONDELEKisumuKenya C:\Users\PC\Documents\ArcGIS\KisumuKenya_Merge2.shp "Country "Country" true true false 80 Text 0 0 ,First,#,KOWINOKisumuKenya,Country,-1,-1,KREKIKisumuKenya,Country,-1,-1,Kudho villageKisumuKenya,Country,-1,-1,KWOYO VILLAGEKisumuKenya,Country,-1,-1,MAMBOLEOKisumuKenya,Country,-1,-1,MANYATTA  ARABKisumuKenya,Country,-1,-1,MANYATTA LOWER KANYAKWAR UNITKisumuKenya,Country,-1,-1,META METAKisumuKenya,Country,-1,-1,ANGIRAKisumuKenya,Country,-1,-1,BANDANI BRIGHT LIGHTKisumuKenya,Country,-1,-1,BANDANI CENTRE VILLAGEKisumuKenya,Country,-1,-1,BREAK POINTKisumuKenya,Country,-1,-1,DAGOKisumuKenya,Country,-1,-1,DungaKisumuKenya,Country,-1,-1,FLAMINGO UNITKisumuKenya,Country,-1,-1,GONDA VILLAGEKisumuKenya,Country,-1,-1,GOT OWAKKisumuKenya,Country,-1,-1,Ka waterKisumuKenya,Country,-1,-1,KALOLENIKisumuKenya,Country,-1,-1,KASARANIKisumuKenya,Country,-1,-1,KIBOS marketKisumuKenya,Country,-1,-1,KIBOS NUBIANKisumuKenya,Country,-1,-1,KILOKisumuKenya,Country,-1,-1,KONA-MBUTAKisumuKenya,Country,-1,-1,KONDELEKisumuKenya,Country,-1,-1;City "City" true true false 80 Text 0 0 ,First,#,KOWINOKisumuKenya,City,-1,-1,KREKIKisumuKenya,City,-1,-1,Kudho villageKisumuKenya,City,-1,-1,KWOYO VILLAGEKisumuKenya,City,-1,-1,MAMBOLEOKisumuKenya,City,-1,-1,MANYATTA  ARABKisumuKenya,City,-1,-1,MANYATTA LOWER KANYAKWAR UNITKisumuKenya,City,-1,-1,META METAKisumuKenya,City,-1,-1,ANGIRAKisumuKenya,City,-1,-1,BANDANI BRIGHT LIGHTKisumuKenya,City,-1,-1,BANDANI CENTRE VILLAGEKisumuKenya,City,-1,-1,BREAK POINTKisumuKenya,City,-1,-1,DAGOKisumuKenya,City,-1,-1,DungaKisumuKenya,City,-1,-1,FLAMINGO UNITKisumuKenya,City,-1,-1,GONDA VILLAGEKisumuKenya,City,-1,-1,GOT OWAKKisumuKenya,City,-1,-1,Ka waterKisumuKenya,City,-1,-1,KALOLENIKisumuKenya,City,-1,-1,KASARANIKisumuKenya,City,-1,-1,KIBOS marketKisumuKenya,City,-1,-1,KIBOS NUBIANKisumuKenya,City,-1,-1,KILOKisumuKenya,City,-1,-1,KONA-MBUTAKisumuKenya,City,-1,-1,KONDELEKisumuKenya,City,-1,-1;Settlement "Settlement" true true false 80 Text 0 0 ,First,#,KOWINOKisumuKenya,Settlement,-1,-1,KREKIKisumuKenya,Settlement,-1,-1,Kudho villageKisumuKenya,Settlement,-1,-1,KWOYO VILLAGEKisumuKenya,Settlement,-1,-1,MAMBOLEOKisumuKenya,Settlement,-1,-1,MANYATTA  ARABKisumuKenya,Settlement,-1,-1,MANYATTA LOWER KANYAKWAR UNITKisumuKenya,Settlement,-1,-1,META METAKisumuKenya,Settlement,-1,-1,ANGIRAKisumuKenya,Settlement,-1,-1,BANDANI BRIGHT LIGHTKisumuKenya,Settlement,-1,-1,BANDANI CENTRE VILLAGEKisumuKenya,Settlement,-1,-1,BREAK POINTKisumuKenya,Settlement,-1,-1,DAGOKisumuKenya,Settlement,-1,-1,DungaKisumuKenya,Settlement,-1,-1,FLAMINGO UNITKisumuKenya,Settlement,-1,-1,GONDA VILLAGEKisumuKenya,Settlement,-1,-1,GOT OWAKKisumuKenya,Settlement,-1,-1,Ka waterKisumuKenya,Settlement,-1,-1,KALOLENIKisumuKenya,Settlement,-1,-1,KASARANIKisumuKenya,Settlement,-1,-1,KIBOS marketKisumuKenya,Settlement,-1,-1,KIBOS NUBIANKisumuKenya,Settlement,-1,-1,KILOKisumuKenya,Settlement,-1,-1,KONA-MBUTAKisumuKenya,Settlement,-1,-1,KONDELEKisumuKenya,Settlement,-1,-1;Establishe "Establishe" true true false 80 Text 0 0 ,First,#,KOWINOKisumuKenya,Establishe,-1,-1,KREKIKisumuKenya,Establishe,-1,-1,Kudho villageKisumuKenya,Establishe,-1,-1,KWOYO VILLAGEKisumuKenya,Establishe,-1,-1,MAMBOLEOKisumuKenya,Establishe,-1,-1,MANYATTA  ARABKisumuKenya,Establishe,-1,-1,MANYATTA LOWER KANYAKWAR UNITKisumuKenya,Establishe,-1,-1,META METAKisumuKenya,Establishe,-1,-1,ANGIRAKisumuKenya,Establishe,-1,-1,BANDANI BRIGHT LIGHTKisumuKenya,Establishe,-1,-1,BANDANI CENTRE VILLAGEKisumuKenya,Establishe,-1,-1,BREAK POINTKisumuKenya,Establishe,-1,-1,DAGOKisumuKenya,Establishe,-1,-1,DungaKisumuKenya,Establishe,-1,-1,FLAMINGO UNITKisumuKenya,Establishe,-1,-1,GONDA VILLAGEKisumuKenya,Establishe,-1,-1,GOT OWAKKisumuKenya,Establishe,-1,-1,Ka waterKisumuKenya,Establishe,-1,-1,KALOLENIKisumuKenya,Establishe,-1,-1,KASARANIKisumuKenya,Establishe,-1,-1,KIBOS marketKisumuKenya,Establishe,-1,-1,KIBOS NUBIANKisumuKenya,Establishe,-1,-1,KILOKisumuKenya,Establishe,-1,-1,KONA-MBUTAKisumuKenya,Establishe,-1,-1,KONDELEKisumuKenya,Establishe,-1,-1;Last_Updat "Last_Updat" true true false 80 Text 0 0 ,First,#,KOWINOKisumuKenya,Last Updat,-1,-1,KREKIKisumuKenya,Last Updat,-1,-1,Kudho villageKisumuKenya,Last Updat,-1,-1,KWOYO VILLAGEKisumuKenya,Last Updat,-1,-1,MAMBOLEOKisumuKenya,Last Updat,-1,-1,MANYATTA  ARABKisumuKenya,Last Updat,-1,-1,MANYATTA LOWER KANYAKWAR UNITKisumuKenya,Last Updat,-1,-1,META METAKisumuKenya,Last Updat,-1,-1,ANGIRAKisumuKenya,Last Updat,-1,-1,BANDANI BRIGHT LIGHTKisumuKenya,Last Updat,-1,-1,BANDANI CENTRE VILLAGEKisumuKenya,Last Updat,-1,-1,BREAK POINTKisumuKenya,Last Updat,-1,-1,DAGOKisumuKenya,Last Updat,-1,-1,DungaKisumuKenya,Last Updat,-1,-1,FLAMINGO UNITKisumuKenya,Last Updat,-1,-1,GONDA VILLAGEKisumuKenya,Last Updat,-1,-1,GOT OWAKKisumuKenya,Last Updat,-1,-1,Ka waterKisumuKenya,Last Updat,-1,-1,KALOLENIKisumuKenya,Last Updat,-1,-1,KASARANIKisumuKenya,Last Updat,-1,-1,KIBOS marketKisumuKenya,Last Updat,-1,-1,KIBOS NUBIANKisumuKenya,Last Updat,-1,-1,KILOKisumuKenya,Last Updat,-1,-1,KONA-MBUTAKisumuKenya,Last Updat,-1,-1,KONDELEKisumuKenya,Last Updat,-1,-1;Population "Population" true true false 80 Text 0 0 ,First,#,KOWINOKisumuKenya,Population,-1,-1,KREKIKisumuKenya,Population,-1,-1,Kudho villageKisumuKenya,Population,-1,-1,KWOYO VILLAGEKisumuKenya,Population,-1,-1,MAMBOLEOKisumuKenya,Population,-1,-1,MANYATTA  ARABKisumuKenya,Population,-1,-1,MANYATTA LOWER KANYAKWAR UNITKisumuKenya,Population,-1,-1,META METAKisumuKenya,Population,-1,-1,ANGIRAKisumuKenya,Population,-1,-1,BANDANI BRIGHT LIGHTKisumuKenya,Population,-1,-1,BANDANI CENTRE VILLAGEKisumuKenya,Population,-1,-1,BREAK POINTKisumuKenya,Population,-1,-1,DAGOKisumuKenya,Population,-1,-1,DungaKisumuKenya,Population,-1,-1,FLAMINGO UNITKisumuKenya,Population,-1,-1,GONDA VILLAGEKisumuKenya,Population,-1,-1,GOT OWAKKisumuKenya,Population,-1,-1,Ka waterKisumuKenya,Population,-1,-1,KALOLENIKisumuKenya,Population,-1,-1,KASARANIKisumuKenya,Population,-1,-1,KIBOS marketKisumuKenya,Population,-1,-1,KIBOS NUBIANKisumuKenya,Population,-1,-1,KILOKisumuKenya,Population,-1,-1,KONA-MBUTAKisumuKenya,Population,-1,-1,KONDELEKisumuKenya,Population,-1,-1;Structures "Structures" true true false 80 Text 0 0 ,First,#,KOWINOKisumuKenya,Structures,-1,-1,KREKIKisumuKenya,Structures,-1,-1,Kudho villageKisumuKenya,Structures,-1,-1,KWOYO VILLAGEKisumuKenya,Structures,-1,-1,MAMBOLEOKisumuKenya,Structures,-1,-1,MANYATTA  ARABKisumuKenya,Structures,-1,-1,MANYATTA LOWER KANYAKWAR UNITKisumuKenya,Structures,-1,-1,META METAKisumuKenya,Structures,-1,-1,ANGIRAKisumuKenya,Structures,-1,-1,BANDANI BRIGHT LIGHTKisumuKenya,Structures,-1,-1,BANDANI CENTRE VILLAGEKisumuKenya,Structures,-1,-1,BREAK POINTKisumuKenya,Structures,-1,-1,DAGOKisumuKenya,Structures,-1,-1,DungaKisumuKenya,Structures,-1,-1,FLAMINGO UNITKisumuKenya,Structures,-1,-1,GONDA VILLAGEKisumuKenya,Structures,-1,-1,GOT OWAKKisumuKenya,Structures,-1,-1,Ka waterKisumuKenya,Structures,-1,-1,KALOLENIKisumuKenya,Structures,-1,-1,KASARANIKisumuKenya,Structures,-1,-1,KIBOS marketKisumuKenya,Structures,-1,-1,KIBOS NUBIANKisumuKenya,Structures,-1,-1,KILOKisumuKenya,Structures,-1,-1,KONA-MBUTAKisumuKenya,Structures,-1,-1,KONDELEKisumuKenya,Structures,-1,-1;url "url" true true false 80 Text 0 0 ,First,#,KOWINOKisumuKenya,url,-1,-1,KREKIKisumuKenya,url,-1,-1,Kudho villageKisumuKenya,url,-1,-1,KWOYO VILLAGEKisumuKenya,url,-1,-1,MAMBOLEOKisumuKenya,url,-1,-1,MANYATTA  ARABKisumuKenya,url,-1,-1,MANYATTA LOWER KANYAKWAR UNITKisumuKenya,url,-1,-1,META METAKisumuKenya,url,-1,-1,ANGIRAKisumuKenya,url,-1,-1,BANDANI BRIGHT LIGHTKisumuKenya,url,-1,-1,BANDANI CENTRE VILLAGEKisumuKenya,url,-1,-1,BREAK POINTKisumuKenya,url,-1,-1,DAGOKisumuKenya,url,-1,-1,DungaKisumuKenya,url,-1,-1,FLAMINGO UNITKisumuKenya,url,-1,-1,GONDA VILLAGEKisumuKenya,url,-1,-1,GOT OWAKKisumuKenya,url,-1,-1,Ka waterKisumuKenya,url,-1,-1,KALOLENIKisumuKenya,url,-1,-1,KASARANIKisumuKenya,url,-1,-1,KIBOS marketKisumuKenya,url,-1,-1,KIBOS NUBIANKisumuKenya,url,-1,-1,KILOKisumuKenya,url,-1,-1,KONA-MBUTAKisumuKenya,url,-1,-1,KONDELEKisumuKenya,url,-1,-1"</Process></lineage></DataProperties><SyncDate>20211026</SyncDate><SyncTime>23135900</SyncTime><ModDate>20211026</ModDate><ModTime>23135900</ModTime></Esri><dataIdInfo><envirDesc Sync="TRUE"> Version 6.2 (Build 9200) ; Esri ArcGIS 10.8.1.14362</envirDesc><dataLang><languageCode value="eng" Sync="TRUE"></languageCode><countryCode value="USA" Sync="TRUE"></countryCode></dataLang><idCitation><resTitle Sync="TRUE">KisumuKenya_Merge2</resTitle><presForm><PresFormCd value="005" Sync="TRUE"></PresFormCd></presForm></idCitation><spatRpType><SpatRepTypCd value="001" Sync="TRUE"></SpatRepTypCd></spatRpType></dataIdInfo><mdLang><languageCode value="eng" Sync="TRUE"></languageCode><countryCode value="USA" Sync="TRUE"></countryCode></mdLang><mdChar><CharSetCd value="004" Sync="TRUE"></CharSetCd></mdChar><distInfo><distFormat><formatName Sync="TRUE">Shapefile</formatName></distFormat><distTranOps><transSize Sync="TRUE">0.000</transSize></distTranOps></distInfo><mdHrLv><ScopeCd value="005" Sync="TRUE"></ScopeCd></mdHrLv><mdHrLvName Sync="TRUE">dataset</mdHrLvName><refSysInfo><RefSystem><refSysID><identCode code="4326" Sync="TRUE"></identCode><idCodeSpace Sync="TRUE">EPSG</idCodeSpace><idVersion Sync="TRUE">6.14(3.0.1)</idVersion></refSysID></RefSystem></refSysInfo><spatRepInfo><VectSpatRep><geometObjs Name="KisumuKenya_Merge2"><geoObjTyp><GeoObjTypCd value="002" Sync="TRUE"></GeoObjTypCd></geoObjTyp><geoObjCnt Sync="TRUE">0</geoObjCnt></geometObjs><topLvl><TopoLevCd value="001" Sync="TRUE"></TopoLevCd></topLvl></VectSpatRep></spatRepInfo><spdoinfo><ptvctinf><esriterm Name="KisumuKenya_Merge2"><efeatyp Sync="TRUE">Simple</efeatyp><efeageom code="4" Sync="TRUE"></efeageom><esritopo Sync="TRUE">FALSE</esritopo><efeacnt Sync="TRUE">0</efeacnt><spindex Sync="TRUE">FALSE</spindex><linrefer Sync="TRUE">FALSE</linrefer></esriterm></ptvctinf></spdoinfo><eainfo><detailed Name="KisumuKenya_Merge2"><enttyp><enttypl Sync="TRUE">KisumuKenya_Merge2</enttypl><enttypt Sync="TRUE">Feature Class</enttypt><enttypc Sync="TRUE">0</enttypc></enttyp><attr><attrlabl Sync="TRUE">FID</attrlabl><attalias Sync="TRUE">FID</attalias><attrtype Sync="TRUE">OID</attrtype><attwidth Sync="TRUE">4</attwidth><atprecis Sync="TRUE">0</atprecis><attscale Sync="TRUE">0</attscale><attrdef Sync="TRUE">Internal feature number.</attrdef><attrdefs Sync="TRUE">Esri</attrdefs><attrdomv><udom Sync="TRUE">Sequential unique whole numbers that are automatically generated.</udom></attrdomv></attr><attr><attrlabl Sync="TRUE">Shape</attrlabl><attalias Sync="TRUE">Shape</attalias><attrtype Sync="TRUE">Geometry</attrtype><attwidth Sync="TRUE">0</attwidth><atprecis Sync="TRUE">0</atprecis><attscale Sync="TRUE">0</attscale><attrdef Sync="TRUE">Feature geometry.</attrdef><attrdefs Sync="TRUE">Esri</attrdefs><attrdomv><udom Sync="TRUE">Coordinates defining the features.</udom></attrdomv></attr><attr><attrlabl Sync="TRUE">Country</attrlabl><attalias Sync="TRUE">Country</attalias><attrtype Sync="TRUE">String</attrtype><attwidth Sync="TRUE">80</attwidth><atprecis Sync="TRUE">0</atprecis><attscale Sync="TRUE">0</attscale></attr><attr><attrlabl Sync="TRUE">City</attrlabl><attalias Sync="TRUE">City</attalias><attrtype Sync="TRUE">String</attrtype><attwidth Sync="TRUE">80</attwidth><atprecis Sync="TRUE">0</atprecis><attscale Sync="TRUE">0</attscale></attr><attr><attrlabl Sync="TRUE">Settlement</attrlabl><attalias Sync="TRUE">Settlement</attalias><attrtype Sync="TRUE">String</attrtype><attwidth Sync="TRUE">80</attwidth><atprecis Sync="TRUE">0</atprecis><attscale Sync="TRUE">0</attscale></attr><attr><attrlabl Sync="TRUE">Establishe</attrlabl><attalias Sync="TRUE">Establishe</attalias><attrtype Sync="TRUE">String</attrtype><attwidth Sync="TRUE">80</attwidth><atprecis Sync="TRUE">0</atprecis><attscale Sync="TRUE">0</attscale></attr><attr><attrlabl Sync="TRUE">Last_Updat</attrlabl><attalias Sync="TRUE">Last_Updat</attalias><attrtype Sync="TRUE">String</attrtype><attwidth Sync="TRUE">80</attwidth><atprecis Sync="TRUE">0</atprecis><attscale Sync="TRUE">0</attscale></attr><attr><attrlabl Sync="TRUE">Population</attrlabl><attalias Sync="TRUE">Population</attalias><attrtype Sync="TRUE">String</attrtype><attwidth Sync="TRUE">80</attwidth><atprecis Sync="TRUE">0</atprecis><attscale Sync="TRUE">0</attscale></attr><attr><attrlabl Sync="TRUE">Structures</attrlabl><attalias Sync="TRUE">Structures</attalias><attrtype Sync="TRUE">String</attrtype><attwidth Sync="TRUE">80</attwidth><atprecis Sync="TRUE">0</atprecis><attscale Sync="TRUE">0</attscale></attr><attr><attrlabl Sync="TRUE">url</attrlabl><attalias Sync="TRUE">url</attalias><attrtype Sync="TRUE">String</attrtype><attwidth Sync="TRUE">80</attwidth><atprecis Sync="TRUE">0</atprecis><attscale Sync="TRUE">0</attscale></attr></detailed></eainfo><mdDateSt Sync="TRUE">20211026</mdDateSt></metadata>
