<?xml version="1.0" encoding="UTF-8"?>
<metadata xml:lang="en"><Esri><CreaDate>20220829</CreaDate><CreaTime>23400700</CreaTime><ArcGISFormat>1.0</ArcGISFormat><SyncOnce>FALSE</SyncOnce><DataProperties><itemProps><itemName Sync="TRUE">CapeTownSouthAfrica_clean</itemName><imsContentType Sync="TRUE">002</imsContentType><itemSize Sync="TRUE">0.000</itemSize><itemLocation><linkage Sync="TRUE">file://\\DESKTOP-7NESSPS\C$\Users\PC\Documents\ArcGIS\CapeTownSouthAfrica_clean.shp</linkage><protocol Sync="TRUE">Local Area Network</protocol></itemLocation></itemProps><coordRef><type Sync="TRUE">Geographic</type><geogcsn Sync="TRUE">GCS_WGS_1984</geogcsn><csUnits Sync="TRUE">Angular Unit: Degree (0.017453)</csUnits><peXml Sync="TRUE">&lt;GeographicCoordinateSystem xsi:type='typens:GeographicCoordinateSystem' xmlns:xsi='http://www.w3.org/2001/XMLSchema-instance' xmlns:xs='http://www.w3.org/2001/XMLSchema' xmlns:typens='http://www.esri.com/schemas/ArcGIS/10.8'&gt;&lt;WKT&gt;GEOGCS[&amp;quot;GCS_WGS_1984&amp;quot;,DATUM[&amp;quot;D_WGS_1984&amp;quot;,SPHEROID[&amp;quot;WGS_1984&amp;quot;,6378137.0,298.257223563]],PRIMEM[&amp;quot;Greenwich&amp;quot;,0.0],UNIT[&amp;quot;Degree&amp;quot;,0.0174532925199433],AUTHORITY[&amp;quot;EPSG&amp;quot;,4326]]&lt;/WKT&gt;&lt;XOrigin&gt;-400&lt;/XOrigin&gt;&lt;YOrigin&gt;-400&lt;/YOrigin&gt;&lt;XYScale&gt;11258999068426.238&lt;/XYScale&gt;&lt;ZOrigin&gt;-100000&lt;/ZOrigin&gt;&lt;ZScale&gt;10000&lt;/ZScale&gt;&lt;MOrigin&gt;-100000&lt;/MOrigin&gt;&lt;MScale&gt;10000&lt;/MScale&gt;&lt;XYTolerance&gt;8.983152841195215e-09&lt;/XYTolerance&gt;&lt;ZTolerance&gt;0.001&lt;/ZTolerance&gt;&lt;MTolerance&gt;0.001&lt;/MTolerance&gt;&lt;HighPrecision&gt;true&lt;/HighPrecision&gt;&lt;LeftLongitude&gt;-180&lt;/LeftLongitude&gt;&lt;WKID&gt;4326&lt;/WKID&gt;&lt;LatestWKID&gt;4326&lt;/LatestWKID&gt;&lt;/GeographicCoordinateSystem&gt;</peXml></coordRef><lineage><Process ToolSource="c:\program files (x86)\arcgis\desktop10.8\ArcToolbox\Toolboxes\Data Management Tools.tbx\Merge" Date="20211209" Time="111136">Merge 'KENSITECape TownSouth Africa';'KUKU TOWNCape TownSouth Africa';'LINDELANI PARKCape TownSouth Africa';'LOTUSCape TownSouth Africa';'LWAZI PARKCape TownSouth Africa';'MARIKANACape TownSouth Africa';'MASILUNGE ABCape TownSouth Africa';'A.T MICHAEL MAPHONGWANACape TownSouth Africa';'AT 5Cape TownSouth Africa';'AT 6Cape TownSouth Africa';'BALA ELIBOMVUCape TownSouth Africa';'BARCELONACape TownSouth Africa';'BARDALECape TownSouth Africa';'BETTER LIFECape TownSouth Africa';'CONSTANTIACape TownSouth Africa';'DONTSA PHILLIPICape TownSouth Africa';'DUENSCape TownSouth Africa';'EKUPHUMLENICape TownSouth Africa';'ENKANINICape TownSouth Africa';'EZITAXINCape TownSouth Africa';'FLAMINGOCape TownSouth Africa';'GARDEN CITYCape TownSouth Africa';'GRAVE YARDCape TownSouth Africa';'GREEN PARKCape TownSouth Africa';'GXAGXACape TownSouth Africa';'K2Cape TownSouth Africa';'KANANACape TownSouth Africa' C:\Users\PC\Documents\ArcGIS\CapeTownSouthAfrica_clean.shp "Country "Country" true true false 80 Text 0 0 ,First,#,KENSITECape TownSouth Africa,Country,-1,-1,KUKU TOWNCape TownSouth Africa,Country,-1,-1,LINDELANI PARKCape TownSouth Africa,Country,-1,-1,LOTUSCape TownSouth Africa,Country,-1,-1,LWAZI PARKCape TownSouth Africa,Country,-1,-1,MARIKANACape TownSouth Africa,Country,-1,-1,MASILUNGE ABCape TownSouth Africa,Country,-1,-1,A.T MICHAEL MAPHONGWANACape TownSouth Africa,Country,-1,-1,AT 5Cape TownSouth Africa,Country,-1,-1,AT 6Cape TownSouth Africa,Country,-1,-1,BALA ELIBOMVUCape TownSouth Africa,Country,-1,-1,BARCELONACape TownSouth Africa,Country,-1,-1,BARDALECape TownSouth Africa,Country,-1,-1,BETTER LIFECape TownSouth Africa,Country,-1,-1,CONSTANTIACape TownSouth Africa,Country,-1,-1,DONTSA PHILLIPICape TownSouth Africa,Country,-1,-1,DUENSCape TownSouth Africa,Country,-1,-1,EKUPHUMLENICape TownSouth Africa,Country,-1,-1,ENKANINICape TownSouth Africa,Country,-1,-1,EZITAXINCape TownSouth Africa,Country,-1,-1,FLAMINGOCape TownSouth Africa,Country,-1,-1,GARDEN CITYCape TownSouth Africa,Country,-1,-1,GRAVE YARDCape TownSouth Africa,Country,-1,-1,GREEN PARKCape TownSouth Africa,Country,-1,-1,GXAGXACape TownSouth Africa,Country,-1,-1,K2Cape TownSouth Africa,Country,-1,-1,KANANACape TownSouth Africa,Country,-1,-1;City "City" true true false 80 Text 0 0 ,First,#,KENSITECape TownSouth Africa,City,-1,-1,KUKU TOWNCape TownSouth Africa,City,-1,-1,LINDELANI PARKCape TownSouth Africa,City,-1,-1,LOTUSCape TownSouth Africa,City,-1,-1,LWAZI PARKCape TownSouth Africa,City,-1,-1,MARIKANACape TownSouth Africa,City,-1,-1,MASILUNGE ABCape TownSouth Africa,City,-1,-1,A.T MICHAEL MAPHONGWANACape TownSouth Africa,City,-1,-1,AT 5Cape TownSouth Africa,City,-1,-1,AT 6Cape TownSouth Africa,City,-1,-1,BALA ELIBOMVUCape TownSouth Africa,City,-1,-1,BARCELONACape TownSouth Africa,City,-1,-1,BARDALECape TownSouth Africa,City,-1,-1,BETTER LIFECape TownSouth Africa,City,-1,-1,CONSTANTIACape TownSouth Africa,City,-1,-1,DONTSA PHILLIPICape TownSouth Africa,City,-1,-1,DUENSCape TownSouth Africa,City,-1,-1,EKUPHUMLENICape TownSouth Africa,City,-1,-1,ENKANINICape TownSouth Africa,City,-1,-1,EZITAXINCape TownSouth Africa,City,-1,-1,FLAMINGOCape TownSouth Africa,City,-1,-1,GARDEN CITYCape TownSouth Africa,City,-1,-1,GRAVE YARDCape TownSouth Africa,City,-1,-1,GREEN PARKCape TownSouth Africa,City,-1,-1,GXAGXACape TownSouth Africa,City,-1,-1,K2Cape TownSouth Africa,City,-1,-1,KANANACape TownSouth Africa,City,-1,-1;Settlement "Settlement" true true false 80 Text 0 0 ,First,#,KENSITECape TownSouth Africa,Settlement,-1,-1,KUKU TOWNCape TownSouth Africa,Settlement,-1,-1,LINDELANI PARKCape TownSouth Africa,Settlement,-1,-1,LOTUSCape TownSouth Africa,Settlement,-1,-1,LWAZI PARKCape TownSouth Africa,Settlement,-1,-1,MARIKANACape TownSouth Africa,Settlement,-1,-1,MASILUNGE ABCape TownSouth Africa,Settlement,-1,-1,A.T MICHAEL MAPHONGWANACape TownSouth Africa,Settlement,-1,-1,AT 5Cape TownSouth Africa,Settlement,-1,-1,AT 6Cape TownSouth Africa,Settlement,-1,-1,BALA ELIBOMVUCape TownSouth Africa,Settlement,-1,-1,BARCELONACape TownSouth Africa,Settlement,-1,-1,BARDALECape TownSouth Africa,Settlement,-1,-1,BETTER LIFECape TownSouth Africa,Settlement,-1,-1,CONSTANTIACape TownSouth Africa,Settlement,-1,-1,DONTSA PHILLIPICape TownSouth Africa,Settlement,-1,-1,DUENSCape TownSouth Africa,Settlement,-1,-1,EKUPHUMLENICape TownSouth Africa,Settlement,-1,-1,ENKANINICape TownSouth Africa,Settlement,-1,-1,EZITAXINCape TownSouth Africa,Settlement,-1,-1,FLAMINGOCape TownSouth Africa,Settlement,-1,-1,GARDEN CITYCape TownSouth Africa,Settlement,-1,-1,GRAVE YARDCape TownSouth Africa,Settlement,-1,-1,GREEN PARKCape TownSouth Africa,Settlement,-1,-1,GXAGXACape TownSouth Africa,Settlement,-1,-1,K2Cape TownSouth Africa,Settlement,-1,-1,KANANACape TownSouth Africa,Settlement,-1,-1;Establishe "Establishe" true true false 80 Text 0 0 ,First,#,KENSITECape TownSouth Africa,Establishe,-1,-1,KUKU TOWNCape TownSouth Africa,Establishe,-1,-1,LINDELANI PARKCape TownSouth Africa,Establishe,-1,-1,LOTUSCape TownSouth Africa,Establishe,-1,-1,LWAZI PARKCape TownSouth Africa,Establishe,-1,-1,MARIKANACape TownSouth Africa,Establishe,-1,-1,MASILUNGE ABCape TownSouth Africa,Establishe,-1,-1,A.T MICHAEL MAPHONGWANACape TownSouth Africa,Establishe,-1,-1,AT 5Cape TownSouth Africa,Establishe,-1,-1,AT 6Cape TownSouth Africa,Establishe,-1,-1,BALA ELIBOMVUCape TownSouth Africa,Establishe,-1,-1,BARCELONACape TownSouth Africa,Establishe,-1,-1,BARDALECape TownSouth Africa,Establishe,-1,-1,BETTER LIFECape TownSouth Africa,Establishe,-1,-1,CONSTANTIACape TownSouth Africa,Establishe,-1,-1,DONTSA PHILLIPICape TownSouth Africa,Establishe,-1,-1,DUENSCape TownSouth Africa,Establishe,-1,-1,EKUPHUMLENICape TownSouth Africa,Establishe,-1,-1,ENKANINICape TownSouth Africa,Establishe,-1,-1,EZITAXINCape TownSouth Africa,Establishe,-1,-1,FLAMINGOCape TownSouth Africa,Establishe,-1,-1,GARDEN CITYCape TownSouth Africa,Establishe,-1,-1,GRAVE YARDCape TownSouth Africa,Establishe,-1,-1,GREEN PARKCape TownSouth Africa,Establishe,-1,-1,GXAGXACape TownSouth Africa,Establishe,-1,-1,K2Cape TownSouth Africa,Establishe,-1,-1,KANANACape TownSouth Africa,Establishe,-1,-1;Last_Updat "Last_Updat" true true false 80 Text 0 0 ,First,#,KENSITECape TownSouth Africa,Last Updat,-1,-1,KUKU TOWNCape TownSouth Africa,Last Updat,-1,-1,LINDELANI PARKCape TownSouth Africa,Last Updat,-1,-1,LOTUSCape TownSouth Africa,Last Updat,-1,-1,LWAZI PARKCape TownSouth Africa,Last Updat,-1,-1,MARIKANACape TownSouth Africa,Last Updat,-1,-1,MASILUNGE ABCape TownSouth Africa,Last Updat,-1,-1,A.T MICHAEL MAPHONGWANACape TownSouth Africa,Last Updat,-1,-1,AT 5Cape TownSouth Africa,Last Updat,-1,-1,AT 6Cape TownSouth Africa,Last Updat,-1,-1,BALA ELIBOMVUCape TownSouth Africa,Last Updat,-1,-1,BARCELONACape TownSouth Africa,Last Updat,-1,-1,BARDALECape TownSouth Africa,Last Updat,-1,-1,BETTER LIFECape TownSouth Africa,Last Updat,-1,-1,CONSTANTIACape TownSouth Africa,Last Updat,-1,-1,DONTSA PHILLIPICape TownSouth Africa,Last Updat,-1,-1,DUENSCape TownSouth Africa,Last Updat,-1,-1,EKUPHUMLENICape TownSouth Africa,Last Updat,-1,-1,ENKANINICape TownSouth Africa,Last Updat,-1,-1,EZITAXINCape TownSouth Africa,Last Updat,-1,-1,FLAMINGOCape TownSouth Africa,Last Updat,-1,-1,GARDEN CITYCape TownSouth Africa,Last Updat,-1,-1,GRAVE YARDCape TownSouth Africa,Last Updat,-1,-1,GREEN PARKCape TownSouth Africa,Last Updat,-1,-1,GXAGXACape TownSouth Africa,Last Updat,-1,-1,K2Cape TownSouth Africa,Last Updat,-1,-1,KANANACape TownSouth Africa,Last Updat,-1,-1;Population "Population" true true false 80 Text 0 0 ,First,#,KENSITECape TownSouth Africa,Population,-1,-1,KUKU TOWNCape TownSouth Africa,Population,-1,-1,LINDELANI PARKCape TownSouth Africa,Population,-1,-1,LOTUSCape TownSouth Africa,Population,-1,-1,LWAZI PARKCape TownSouth Africa,Population,-1,-1,MARIKANACape TownSouth Africa,Population,-1,-1,MASILUNGE ABCape TownSouth Africa,Population,-1,-1,A.T MICHAEL MAPHONGWANACape TownSouth Africa,Population,-1,-1,AT 5Cape TownSouth Africa,Population,-1,-1,AT 6Cape TownSouth Africa,Population,-1,-1,BALA ELIBOMVUCape TownSouth Africa,Population,-1,-1,BARCELONACape TownSouth Africa,Population,-1,-1,BARDALECape TownSouth Africa,Population,-1,-1,BETTER LIFECape TownSouth Africa,Population,-1,-1,CONSTANTIACape TownSouth Africa,Population,-1,-1,DONTSA PHILLIPICape TownSouth Africa,Population,-1,-1,DUENSCape TownSouth Africa,Population,-1,-1,EKUPHUMLENICape TownSouth Africa,Population,-1,-1,ENKANINICape TownSouth Africa,Population,-1,-1,EZITAXINCape TownSouth Africa,Population,-1,-1,FLAMINGOCape TownSouth Africa,Population,-1,-1,GARDEN CITYCape TownSouth Africa,Population,-1,-1,GRAVE YARDCape TownSouth Africa,Population,-1,-1,GREEN PARKCape TownSouth Africa,Population,-1,-1,GXAGXACape TownSouth Africa,Population,-1,-1,K2Cape TownSouth Africa,Population,-1,-1,KANANACape TownSouth Africa,Population,-1,-1;Structures "Structures" true true false 80 Text 0 0 ,First,#,KENSITECape TownSouth Africa,Structures,-1,-1,KUKU TOWNCape TownSouth Africa,Structures,-1,-1,LINDELANI PARKCape TownSouth Africa,Structures,-1,-1,LOTUSCape TownSouth Africa,Structures,-1,-1,LWAZI PARKCape TownSouth Africa,Structures,-1,-1,MARIKANACape TownSouth Africa,Structures,-1,-1,MASILUNGE ABCape TownSouth Africa,Structures,-1,-1,A.T MICHAEL MAPHONGWANACape TownSouth Africa,Structures,-1,-1,AT 5Cape TownSouth Africa,Structures,-1,-1,AT 6Cape TownSouth Africa,Structures,-1,-1,BALA ELIBOMVUCape TownSouth Africa,Structures,-1,-1,BARCELONACape TownSouth Africa,Structures,-1,-1,BARDALECape TownSouth Africa,Structures,-1,-1,BETTER LIFECape TownSouth Africa,Structures,-1,-1,CONSTANTIACape TownSouth Africa,Structures,-1,-1,DONTSA PHILLIPICape TownSouth Africa,Structures,-1,-1,DUENSCape TownSouth Africa,Structures,-1,-1,EKUPHUMLENICape TownSouth Africa,Structures,-1,-1,ENKANINICape TownSouth Africa,Structures,-1,-1,EZITAXINCape TownSouth Africa,Structures,-1,-1,FLAMINGOCape TownSouth Africa,Structures,-1,-1,GARDEN CITYCape TownSouth Africa,Structures,-1,-1,GRAVE YARDCape TownSouth Africa,Structures,-1,-1,GREEN PARKCape TownSouth Africa,Structures,-1,-1,GXAGXACape TownSouth Africa,Structures,-1,-1,K2Cape TownSouth Africa,Structures,-1,-1,KANANACape TownSouth Africa,Structures,-1,-1;url "url" true true false 80 Text 0 0 ,First,#,KENSITECape TownSouth Africa,url,-1,-1,KUKU TOWNCape TownSouth Africa,url,-1,-1,LINDELANI PARKCape TownSouth Africa,url,-1,-1,LOTUSCape TownSouth Africa,url,-1,-1,LWAZI PARKCape TownSouth Africa,url,-1,-1,MARIKANACape TownSouth Africa,url,-1,-1,MASILUNGE ABCape TownSouth Africa,url,-1,-1,A.T MICHAEL MAPHONGWANACape TownSouth Africa,url,-1,-1,AT 5Cape TownSouth Africa,url,-1,-1,AT 6Cape TownSouth Africa,url,-1,-1,BALA ELIBOMVUCape TownSouth Africa,url,-1,-1,BARCELONACape TownSouth Africa,url,-1,-1,BARDALECape TownSouth Africa,url,-1,-1,BETTER LIFECape TownSouth Africa,url,-1,-1,CONSTANTIACape TownSouth Africa,url,-1,-1,DONTSA PHILLIPICape TownSouth Africa,url,-1,-1,DUENSCape TownSouth Africa,url,-1,-1,EKUPHUMLENICape TownSouth Africa,url,-1,-1,ENKANINICape TownSouth Africa,url,-1,-1,EZITAXINCape TownSouth Africa,url,-1,-1,FLAMINGOCape TownSouth Africa,url,-1,-1,GARDEN CITYCape TownSouth Africa,url,-1,-1,GRAVE YARDCape TownSouth Africa,url,-1,-1,GREEN PARKCape TownSouth Africa,url,-1,-1,GXAGXACape TownSouth Africa,url,-1,-1,K2Cape TownSouth Africa,url,-1,-1,KANANACape TownSouth Africa,url,-1,-1"</Process><Process ToolSource="c:\program files (x86)\arcgis\desktop10.8\ArcToolbox\Toolboxes\Data Management Tools.tbx\CalculateField" Date="20220108" Time="183206">CalculateField CapeTownSouthAfrica_clean Population str( !Population! ).replace(',', '')
 PYTHON_9.3 #</Process><Process ToolSource="c:\program files (x86)\arcgis\desktop10.8\ArcToolbox\Toolboxes\Data Management Tools.tbx\CalculateField" Date="20220108" Time="183223">CalculateField CapeTownSouthAfrica_clean pop "!Population! 
" PYTHON_9.3 #</Process><Process ToolSource="c:\program files (x86)\arcgis\desktop10.8\ArcToolbox\Toolboxes\Data Management Tools.tbx\CalculateField" Date="20220125" Time="132127">CalculateField CapeTownSouthAfrica_clean OBJECTID FID VB #</Process><Process ToolSource="c:\program files (x86)\arcgis\desktop10.8\ArcToolbox\Toolboxes\Data Management Tools.tbx\CalculateField" Date="20220125" Time="132158">CalculateField CapeTownSouthAfrica_clean OBJECTID [FID] VB #</Process><Process ToolSource="c:\program files (x86)\arcgis\desktop10.8\ArcToolbox\Toolboxes\Data Management Tools.tbx\CalculateField" Date="20220125" Time="133425">CalculateField CapeTownSouthAfrica_clean OBJECTID [FID]+1 VB #</Process><Process ToolSource="c:\program files (x86)\arcgis\desktop10.8\ArcToolbox\Toolboxes\Data Management Tools.tbx\CalculateField" Date="20220228" Time="231233">CalculateField cap_kyc_sa kyc_year str(!Last_Updat!).rpartition('-')[2]
 PYTHON_9.3 #</Process><Process ToolSource="c:\program files (x86)\arcgis\desktop10.8\ArcToolbox\Toolboxes\Data Management Tools.tbx\Project" Date="20220827" Time="033451">Project cap_zaf_drtcln1 D:\Dropbox\Work_main\p_ciesin_pop_slum_compare\data\kyc_campaign\zaf\cap_zaf_drtcln2.shp PROJCS['WGS_1984_UTM_Zone_33N',GEOGCS['GCS_WGS_1984',DATUM['D_WGS_1984',SPHEROID['WGS_1984',6378137.0,298.257223563]],PRIMEM['Greenwich',0.0],UNIT['Degree',0.0174532925199433]],PROJECTION['Transverse_Mercator'],PARAMETER['False_Easting',500000.0],PARAMETER['False_Northing',0.0],PARAMETER['Central_Meridian',15.0],PARAMETER['Scale_Factor',0.9996],PARAMETER['Latitude_Of_Origin',0.0],UNIT['Meter',1.0]] # GEOGCS['GCS_WGS_1984',DATUM['D_WGS_1984',SPHEROID['WGS_1984',6378137.0,298.257223563]],PRIMEM['Greenwich',0.0],UNIT['Degree',0.0174532925199433]] NO_PRESERVE_SHAPE # NO_VERTICAL</Process><Process ToolSource="c:\program files (x86)\arcgis\desktop10.8\ArcToolbox\Toolboxes\Data Management Tools.tbx\CalculateField" Date="20220827" Time="033603">CalculateField cap_zaf_drtcln2 dens_area "[pop]/ [area]" VB #</Process><Process ToolSource="c:\program files (x86)\arcgis\desktop10.8\ArcToolbox\Toolboxes\Data Management Tools.tbx\CalculateField" Date="20220827" Time="033850">CalculateField cap_zaf_drtcln2 drt_cln "drop - this is definitately an underestimate" VB #</Process><Process ToolSource="c:\program files (x86)\arcgis\desktop10.8\ArcToolbox\Toolboxes\Data Management Tools.tbx\Project" Date="20220827" Time="034237">Project cap_zaf_drtcln1 D:\Dropbox\Work_main\p_ciesin_pop_slum_compare\data\kyc_campaign\zaf\cap_zaf_drtcln2.shp GEOGCS['GCS_WGS_1984',DATUM['D_WGS_1984',SPHEROID['WGS_1984',6378137.0,298.257223563]],PRIMEM['Greenwich',0.0],UNIT['Degree',0.0174532925199433]] # PROJCS['WGS_1984_UTM_Zone_33N',GEOGCS['GCS_WGS_1984',DATUM['D_WGS_1984',SPHEROID['WGS_1984',6378137.0,298.257223563]],PRIMEM['Greenwich',0.0],UNIT['Degree',0.0174532925199433]],PROJECTION['Transverse_Mercator'],PARAMETER['False_Easting',500000.0],PARAMETER['False_Northing',0.0],PARAMETER['Central_Meridian',15.0],PARAMETER['Scale_Factor',0.9996],PARAMETER['Latitude_Of_Origin',0.0],UNIT['Meter',1.0]] NO_PRESERVE_SHAPE # NO_VERTICAL</Process></lineage></DataProperties><SyncDate>20211209</SyncDate><SyncTime>11113600</SyncTime><ModDate>20211209</ModDate><ModTime>11113600</ModTime></Esri><dataIdInfo><envirDesc Sync="TRUE"> Version 6.2 (Build 9200) ; Esri ArcGIS 10.8.1.14362</envirDesc><dataLang><languageCode value="eng" Sync="TRUE"></languageCode><countryCode value="USA" Sync="TRUE"></countryCode></dataLang><idCitation><resTitle Sync="TRUE">CapeTownSouthAfrica_clean</resTitle><presForm><PresFormCd value="005" Sync="TRUE"></PresFormCd></presForm></idCitation><spatRpType><SpatRepTypCd value="001" Sync="TRUE"></SpatRepTypCd></spatRpType></dataIdInfo><mdLang><languageCode value="eng" Sync="TRUE"></languageCode><countryCode value="USA" Sync="TRUE"></countryCode></mdLang><mdChar><CharSetCd value="004" Sync="TRUE"></CharSetCd></mdChar><distInfo><distFormat><formatName Sync="TRUE">Shapefile</formatName></distFormat><distTranOps><transSize Sync="TRUE">0.000</transSize></distTranOps></distInfo><mdHrLv><ScopeCd value="005" Sync="TRUE"></ScopeCd></mdHrLv><mdHrLvName Sync="TRUE">dataset</mdHrLvName><refSysInfo><RefSystem><refSysID><identCode code="4326" Sync="TRUE"></identCode><idCodeSpace Sync="TRUE">EPSG</idCodeSpace><idVersion Sync="TRUE">6.14(3.0.1)</idVersion></refSysID></RefSystem></refSysInfo><spatRepInfo><VectSpatRep><geometObjs Name="CapeTownSouthAfrica_clean"><geoObjTyp><GeoObjTypCd value="002" Sync="TRUE"></GeoObjTypCd></geoObjTyp><geoObjCnt Sync="TRUE">0</geoObjCnt></geometObjs><topLvl><TopoLevCd value="001" Sync="TRUE"></TopoLevCd></topLvl></VectSpatRep></spatRepInfo><spdoinfo><ptvctinf><esriterm Name="CapeTownSouthAfrica_clean"><efeatyp Sync="TRUE">Simple</efeatyp><efeageom code="4" Sync="TRUE"></efeageom><esritopo Sync="TRUE">FALSE</esritopo><efeacnt Sync="TRUE">0</efeacnt><spindex Sync="TRUE">FALSE</spindex><linrefer Sync="TRUE">FALSE</linrefer></esriterm></ptvctinf></spdoinfo><eainfo><detailed Name="CapeTownSouthAfrica_clean"><enttyp><enttypl Sync="TRUE">CapeTownSouthAfrica_clean</enttypl><enttypt Sync="TRUE">Feature Class</enttypt><enttypc Sync="TRUE">0</enttypc></enttyp><attr><attrlabl Sync="TRUE">FID</attrlabl><attalias Sync="TRUE">FID</attalias><attrtype Sync="TRUE">OID</attrtype><attwidth Sync="TRUE">4</attwidth><atprecis Sync="TRUE">0</atprecis><attscale Sync="TRUE">0</attscale><attrdef Sync="TRUE">Internal feature number.</attrdef><attrdefs Sync="TRUE">Esri</attrdefs><attrdomv><udom Sync="TRUE">Sequential unique whole numbers that are automatically generated.</udom></attrdomv></attr><attr><attrlabl Sync="TRUE">Shape</attrlabl><attalias Sync="TRUE">Shape</attalias><attrtype Sync="TRUE">Geometry</attrtype><attwidth Sync="TRUE">0</attwidth><atprecis Sync="TRUE">0</atprecis><attscale Sync="TRUE">0</attscale><attrdef Sync="TRUE">Feature geometry.</attrdef><attrdefs Sync="TRUE">Esri</attrdefs><attrdomv><udom Sync="TRUE">Coordinates defining the features.</udom></attrdomv></attr><attr><attrlabl Sync="TRUE">Country</attrlabl><attalias Sync="TRUE">Country</attalias><attrtype Sync="TRUE">String</attrtype><attwidth Sync="TRUE">80</attwidth><atprecis Sync="TRUE">0</atprecis><attscale Sync="TRUE">0</attscale></attr><attr><attrlabl Sync="TRUE">City</attrlabl><attalias Sync="TRUE">City</attalias><attrtype Sync="TRUE">String</attrtype><attwidth Sync="TRUE">80</attwidth><atprecis Sync="TRUE">0</atprecis><attscale Sync="TRUE">0</attscale></attr><attr><attrlabl Sync="TRUE">Settlement</attrlabl><attalias Sync="TRUE">Settlement</attalias><attrtype Sync="TRUE">String</attrtype><attwidth Sync="TRUE">80</attwidth><atprecis Sync="TRUE">0</atprecis><attscale Sync="TRUE">0</attscale></attr><attr><attrlabl Sync="TRUE">Establishe</attrlabl><attalias Sync="TRUE">Establishe</attalias><attrtype Sync="TRUE">String</attrtype><attwidth Sync="TRUE">80</attwidth><atprecis Sync="TRUE">0</atprecis><attscale Sync="TRUE">0</attscale></attr><attr><attrlabl Sync="TRUE">Last_Updat</attrlabl><attalias Sync="TRUE">Last_Updat</attalias><attrtype Sync="TRUE">String</attrtype><attwidth Sync="TRUE">80</attwidth><atprecis Sync="TRUE">0</atprecis><attscale Sync="TRUE">0</attscale></attr><attr><attrlabl Sync="TRUE">Population</attrlabl><attalias Sync="TRUE">Population</attalias><attrtype Sync="TRUE">String</attrtype><attwidth Sync="TRUE">80</attwidth><atprecis Sync="TRUE">0</atprecis><attscale Sync="TRUE">0</attscale></attr><attr><attrlabl Sync="TRUE">Structures</attrlabl><attalias Sync="TRUE">Structures</attalias><attrtype Sync="TRUE">String</attrtype><attwidth Sync="TRUE">80</attwidth><atprecis Sync="TRUE">0</atprecis><attscale Sync="TRUE">0</attscale></attr><attr><attrlabl Sync="TRUE">url</attrlabl><attalias Sync="TRUE">url</attalias><attrtype Sync="TRUE">String</attrtype><attwidth Sync="TRUE">80</attwidth><atprecis Sync="TRUE">0</atprecis><attscale Sync="TRUE">0</attscale></attr></detailed></eainfo><mdDateSt Sync="TRUE">20211209</mdDateSt></metadata>
