<?xml version="1.0" encoding="UTF-8"?>
<metadata xml:lang="en"><Esri><CreaDate>20220829</CreaDate><CreaTime>23361100</CreaTime><ArcGISFormat>1.0</ArcGISFormat><SyncOnce>FALSE</SyncOnce><DataProperties><itemProps><itemName Sync="TRUE">DaresSalaamTanzania_merge</itemName><imsContentType Sync="TRUE">002</imsContentType><itemLocation><linkage Sync="TRUE">file://\\DESKTOP-7NESSPS\C$\Users\PC\Documents\ArcGIS\Default.gdb</linkage><protocol Sync="TRUE">Local Area Network</protocol></itemLocation></itemProps><coordRef><type Sync="TRUE">Geographic</type><geogcsn Sync="TRUE">GCS_WGS_1984</geogcsn><csUnits Sync="TRUE">Angular Unit: Degree (0.017453)</csUnits><peXml Sync="TRUE">&lt;GeographicCoordinateSystem xsi:type='typens:GeographicCoordinateSystem' xmlns:xsi='http://www.w3.org/2001/XMLSchema-instance' xmlns:xs='http://www.w3.org/2001/XMLSchema' xmlns:typens='http://www.esri.com/schemas/ArcGIS/10.8'&gt;&lt;WKT&gt;GEOGCS[&amp;quot;GCS_WGS_1984&amp;quot;,DATUM[&amp;quot;D_WGS_1984&amp;quot;,SPHEROID[&amp;quot;WGS_1984&amp;quot;,6378137.0,298.257223563]],PRIMEM[&amp;quot;Greenwich&amp;quot;,0.0],UNIT[&amp;quot;Degree&amp;quot;,0.0174532925199433],AUTHORITY[&amp;quot;EPSG&amp;quot;,4326]]&lt;/WKT&gt;&lt;XOrigin&gt;-400&lt;/XOrigin&gt;&lt;YOrigin&gt;-400&lt;/YOrigin&gt;&lt;XYScale&gt;1111948722.2222221&lt;/XYScale&gt;&lt;ZOrigin&gt;-100000&lt;/ZOrigin&gt;&lt;ZScale&gt;10000&lt;/ZScale&gt;&lt;MOrigin&gt;-100000&lt;/MOrigin&gt;&lt;MScale&gt;10000&lt;/MScale&gt;&lt;XYTolerance&gt;8.983152841195215e-09&lt;/XYTolerance&gt;&lt;ZTolerance&gt;0.001&lt;/ZTolerance&gt;&lt;MTolerance&gt;0.001&lt;/MTolerance&gt;&lt;HighPrecision&gt;true&lt;/HighPrecision&gt;&lt;LeftLongitude&gt;-180&lt;/LeftLongitude&gt;&lt;WKID&gt;4326&lt;/WKID&gt;&lt;LatestWKID&gt;4326&lt;/LatestWKID&gt;&lt;/GeographicCoordinateSystem&gt;</peXml></coordRef><lineage><Process ToolSource="c:\program files (x86)\arcgis\desktop10.8\ArcToolbox\Toolboxes\Data Management Tools.tbx\Merge" Date="20220101" Time="190705">Merge 'MKUNGUNI ADar es SalaamTanzania';'MKWAJUNIDar es SalaamTanzania';'MKWINDADar es SalaamTanzania';'MNAZI MMOJADar es SalaamTanzania';'MNYAMANIDar es SalaamTanzania';'ALLY MAUA ADar es SalaamTanzania';'ALLY MAUA BDar es SalaamTanzania';'AZIMIO KASKAZINIDar es SalaamTanzania';'AZIMIO KUSINIDar es SalaamTanzania';'BARABARA YA MWINYIDar es SalaamTanzania';'BARUTIDar es SalaamTanzania';'BOKORANIDar es SalaamTanzania';'BONDE LA MPUNGADar es SalaamTanzania';'BUGHUDADIDar es SalaamTanzania';'BUTIAMADar es SalaamTanzania';'BUZADar es SalaamTanzania';'BWAWANIDar es SalaamTanzania';'CHAKULA BORADar es SalaamTanzania';'CHANGANYIKENIDar es SalaamTanzania';'DOVYADar es SalaamTanzania';'FARUDar es SalaamTanzania';'GOLANIDar es SalaamTanzania';'GOROKADar es SalaamTanzania';'JUHUDIDar es SalaamTanzania';'KAGERA MIKOROSHINIDar es SalaamTanzania';'KARAKATADar es SalaamTanzania';'KEKO BDar es SalaamTanzania';'KEKO MACHUNGWADar es SalaamTanzania';'KEKO MWANGA  ADar es SalaamTanzania';'KEKO MWANGA BDar es SalaamTanzania';'KICHANGANIDar es SalaamTanzania';'KIDAGAADar es SalaamTanzania';'KIGILAGILADar es SalaamTanzania';'KIGOGO KATIDar es SalaamTanzania';'KIGUNGADar es SalaamTanzania';'KILAKALADar es SalaamTanzania';'KILIMANIDar es SalaamTanzania';'KILUNGULE ADar es SalaamTanzania';'KIMARA BARUTIDar es SalaamTanzania';'KIMBANGULILEDar es SalaamTanzania';'KIMBUNGADar es SalaamTanzania';'KINYAMWEZIDar es SalaamTanzania';'KIPONZADar es SalaamTanzania';'KIPUNGUNIDar es SalaamTanzania';'KISEWEDar es SalaamTanzania';'KISIWANIDar es SalaamTanzania';'KIWALANIDar es SalaamTanzania';'KIZINGADar es SalaamTanzania';'KOMBODar es SalaamTanzania';'KONGOWEDar es SalaamTanzania';'KURASINI MJI MPYADar es SalaamTanzania';'KWA KOPADar es SalaamTanzania';'kwa PAKACHADar es SalaamTanzania';'KWA TUMBODar es SalaamTanzania';'KWA ZOMBOKODar es SalaamTanzania';'MABATINI KASKAZINIMwanzaTanzania';'MACHINJIONIDar es SalaamTanzania';'MADENGEDar es SalaamTanzania';'MAGOGONIDar es SalaamTanzania';'MAGURUMBASI  ADar es SalaamTanzania';'MAGURUMBASI BDar es SalaamTanzania';'MAJENGODar es SalaamTanzania';'MAJI MATITU ADar es SalaamTanzania';'MAJI MATITU BDar es SalaamTanzania';'MAJI MATITU CDar es SalaamTanzania';'MAKANGARAWEDar es SalaamTanzania';'MAKUTI ADar es SalaamTanzania';'MALAPADar es SalaamTanzania';'MALELADar es SalaamTanzania';'MAMBOLEO ADar es SalaamTanzania';'MAMBOLEO BDar es SalaamTanzania';'MANDELADar es SalaamTanzania';'MANGAYADar es SalaamTanzania';'MASAKIDar es SalaamTanzania';'MASULIZADar es SalaamTanzania';'MATUMBIDar es SalaamTanzania';'MAZIZINIDar es SalaamTanzania';'MBAGALADar es SalaamTanzania';'MBANDE MAGENGENIDar es SalaamTanzania';'MBUYUNIDar es SalaamTanzania';'MCHIKICHINIDar es SalaamTanzania';'MGENI NANIDar es SalaamTanzania';'MIANZINIDar es SalaamTanzania';'MIDIZINIDar es SalaamTanzania';'MIEMBENIDar es SalaamTanzania';'MIKOROSHONIDar es SalaamTanzania';'MIKWAMBE CCMDar es SalaamTanzania';'MINAZI MIREFUDar es SalaamTanzania';'MISHENIDar es SalaamTanzania';'MJI MPYADar es SalaamTanzania';'MJIMPYADar es SalaamTanzania';'MKONDOGWADar es SalaamTanzania' C:\Users\PC\Documents\ArcGIS\Default.gdb\DaresSalaamTanzania_merge "Country "Country" true true false 80 Text 0 0 ,First,#,MKUNGUNI ADar es SalaamTanzania,Country,-1,-1,MKWAJUNIDar es SalaamTanzania,Country,-1,-1,MKWINDADar es SalaamTanzania,Country,-1,-1,MNAZI MMOJADar es SalaamTanzania,Country,-1,-1,MNYAMANIDar es SalaamTanzania,Country,-1,-1,ALLY MAUA ADar es SalaamTanzania,Country,-1,-1,ALLY MAUA BDar es SalaamTanzania,Country,-1,-1,AZIMIO KASKAZINIDar es SalaamTanzania,Country,-1,-1,AZIMIO KUSINIDar es SalaamTanzania,Country,-1,-1,BARABARA YA MWINYIDar es SalaamTanzania,Country,-1,-1,BARUTIDar es SalaamTanzania,Country,-1,-1,BOKORANIDar es SalaamTanzania,Country,-1,-1,BONDE LA MPUNGADar es SalaamTanzania,Country,-1,-1,BUGHUDADIDar es SalaamTanzania,Country,-1,-1,BUTIAMADar es SalaamTanzania,Country,-1,-1,BUZADar es SalaamTanzania,Country,-1,-1,BWAWANIDar es SalaamTanzania,Country,-1,-1,CHAKULA BORADar es SalaamTanzania,Country,-1,-1,CHANGANYIKENIDar es SalaamTanzania,Country,-1,-1,DOVYADar es SalaamTanzania,Country,-1,-1,FARUDar es SalaamTanzania,Country,-1,-1,GOLANIDar es SalaamTanzania,Country,-1,-1,GOROKADar es SalaamTanzania,Country,-1,-1,JUHUDIDar es SalaamTanzania,Country,-1,-1,KAGERA MIKOROSHINIDar es SalaamTanzania,Country,-1,-1,KARAKATADar es SalaamTanzania,Country,-1,-1,KEKO BDar es SalaamTanzania,Country,-1,-1,KEKO MACHUNGWADar es SalaamTanzania,Country,-1,-1,KEKO MWANGA  ADar es SalaamTanzania,Country,-1,-1,KEKO MWANGA BDar es SalaamTanzania,Country,-1,-1,KICHANGANIDar es SalaamTanzania,Country,-1,-1,KIDAGAADar es SalaamTanzania,Country,-1,-1,KIGILAGILADar es SalaamTanzania,Country,-1,-1,KIGOGO KATIDar es SalaamTanzania,Country,-1,-1,KIGUNGADar es SalaamTanzania,Country,-1,-1,KILAKALADar es SalaamTanzania,Country,-1,-1,KILIMANIDar es SalaamTanzania,Country,-1,-1,KILUNGULE ADar es SalaamTanzania,Country,-1,-1,KIMARA BARUTIDar es SalaamTanzania,Country,-1,-1,KIMBANGULILEDar es SalaamTanzania,Country,-1,-1,KIMBUNGADar es SalaamTanzania,Country,-1,-1,KINYAMWEZIDar es SalaamTanzania,Country,-1,-1,KIPONZADar es SalaamTanzania,Country,-1,-1,KIPUNGUNIDar es SalaamTanzania,Country,-1,-1,KISEWEDar es SalaamTanzania,Country,-1,-1,KISIWANIDar es SalaamTanzania,Country,-1,-1,KIWALANIDar es SalaamTanzania,Country,-1,-1,KIZINGADar es SalaamTanzania,Country,-1,-1,KOMBODar es SalaamTanzania,Country,-1,-1,KONGOWEDar es SalaamTanzania,Country,-1,-1,KURASINI MJI MPYADar es SalaamTanzania,Country,-1,-1,KWA KOPADar es SalaamTanzania,Country,-1,-1,kwa PAKACHADar es SalaamTanzania,Country,-1,-1,KWA TUMBODar es SalaamTanzania,Country,-1,-1,KWA ZOMBOKODar es SalaamTanzania,Country,-1,-1,MABATINI KASKAZINIMwanzaTanzania,Country,-1,-1,MACHINJIONIDar es SalaamTanzania,Country,-1,-1,MADENGEDar es SalaamTanzania,Country,-1,-1,MAGOGONIDar es SalaamTanzania,Country,-1,-1,MAGURUMBASI  ADar es SalaamTanzania,Country,-1,-1,MAGURUMBASI BDar es SalaamTanzania,Country,-1,-1,MAJENGODar es SalaamTanzania,Country,-1,-1,MAJI MATITU ADar es SalaamTanzania,Country,-1,-1,MAJI MATITU BDar es SalaamTanzania,Country,-1,-1,MAJI MATITU CDar es SalaamTanzania,Country,-1,-1,MAKANGARAWEDar es SalaamTanzania,Country,-1,-1,MAKUTI ADar es SalaamTanzania,Country,-1,-1,MALAPADar es SalaamTanzania,Country,-1,-1,MALELADar es SalaamTanzania,Country,-1,-1,MAMBOLEO ADar es SalaamTanzania,Country,-1,-1,MAMBOLEO BDar es SalaamTanzania,Country,-1,-1,MANDELADar es SalaamTanzania,Country,-1,-1,MANGAYADar es SalaamTanzania,Country,-1,-1,MASAKIDar es SalaamTanzania,Country,-1,-1,MASULIZADar es SalaamTanzania,Country,-1,-1,MATUMBIDar es SalaamTanzania,Country,-1,-1,MAZIZINIDar es SalaamTanzania,Country,-1,-1,MBAGALADar es SalaamTanzania,Country,-1,-1,MBANDE MAGENGENIDar es SalaamTanzania,Country,-1,-1,MBUYUNIDar es SalaamTanzania,Country,-1,-1,MCHIKICHINIDar es SalaamTanzania,Country,-1,-1,MGENI NANIDar es SalaamTanzania,Country,-1,-1,MIANZINIDar es SalaamTanzania,Country,-1,-1,MIDIZINIDar es SalaamTanzania,Country,-1,-1,MIEMBENIDar es SalaamTanzania,Country,-1,-1,MIKOROSHONIDar es SalaamTanzania,Country,-1,-1,MIKWAMBE CCMDar es SalaamTanzania,Country,-1,-1,MINAZI MIREFUDar es SalaamTanzania,Country,-1,-1,MISHENIDar es SalaamTanzania,Country,-1,-1,MJI MPYADar es SalaamTanzania,Country,-1,-1,MJIMPYADar es SalaamTanzania,Country,-1,-1,MKONDOGWADar es SalaamTanzania,Country,-1,-1;City "City" true true false 80 Text 0 0 ,First,#,MKUNGUNI ADar es SalaamTanzania,City,-1,-1,MKWAJUNIDar es SalaamTanzania,City,-1,-1,MKWINDADar es SalaamTanzania,City,-1,-1,MNAZI MMOJADar es SalaamTanzania,City,-1,-1,MNYAMANIDar es SalaamTanzania,City,-1,-1,ALLY MAUA ADar es SalaamTanzania,City,-1,-1,ALLY MAUA BDar es SalaamTanzania,City,-1,-1,AZIMIO KASKAZINIDar es SalaamTanzania,City,-1,-1,AZIMIO KUSINIDar es SalaamTanzania,City,-1,-1,BARABARA YA MWINYIDar es SalaamTanzania,City,-1,-1,BARUTIDar es SalaamTanzania,City,-1,-1,BOKORANIDar es SalaamTanzania,City,-1,-1,BONDE LA MPUNGADar es SalaamTanzania,City,-1,-1,BUGHUDADIDar es SalaamTanzania,City,-1,-1,BUTIAMADar es SalaamTanzania,City,-1,-1,BUZADar es SalaamTanzania,City,-1,-1,BWAWANIDar es SalaamTanzania,City,-1,-1,CHAKULA BORADar es SalaamTanzania,City,-1,-1,CHANGANYIKENIDar es SalaamTanzania,City,-1,-1,DOVYADar es SalaamTanzania,City,-1,-1,FARUDar es SalaamTanzania,City,-1,-1,GOLANIDar es SalaamTanzania,City,-1,-1,GOROKADar es SalaamTanzania,City,-1,-1,JUHUDIDar es SalaamTanzania,City,-1,-1,KAGERA MIKOROSHINIDar es SalaamTanzania,City,-1,-1,KARAKATADar es SalaamTanzania,City,-1,-1,KEKO BDar es SalaamTanzania,City,-1,-1,KEKO MACHUNGWADar es SalaamTanzania,City,-1,-1,KEKO MWANGA  ADar es SalaamTanzania,City,-1,-1,KEKO MWANGA BDar es SalaamTanzania,City,-1,-1,KICHANGANIDar es SalaamTanzania,City,-1,-1,KIDAGAADar es SalaamTanzania,City,-1,-1,KIGILAGILADar es SalaamTanzania,City,-1,-1,KIGOGO KATIDar es SalaamTanzania,City,-1,-1,KIGUNGADar es SalaamTanzania,City,-1,-1,KILAKALADar es SalaamTanzania,City,-1,-1,KILIMANIDar es SalaamTanzania,City,-1,-1,KILUNGULE ADar es SalaamTanzania,City,-1,-1,KIMARA BARUTIDar es SalaamTanzania,City,-1,-1,KIMBANGULILEDar es SalaamTanzania,City,-1,-1,KIMBUNGADar es SalaamTanzania,City,-1,-1,KINYAMWEZIDar es SalaamTanzania,City,-1,-1,KIPONZADar es SalaamTanzania,City,-1,-1,KIPUNGUNIDar es SalaamTanzania,City,-1,-1,KISEWEDar es SalaamTanzania,City,-1,-1,KISIWANIDar es SalaamTanzania,City,-1,-1,KIWALANIDar es SalaamTanzania,City,-1,-1,KIZINGADar es SalaamTanzania,City,-1,-1,KOMBODar es SalaamTanzania,City,-1,-1,KONGOWEDar es SalaamTanzania,City,-1,-1,KURASINI MJI MPYADar es SalaamTanzania,City,-1,-1,KWA KOPADar es SalaamTanzania,City,-1,-1,kwa PAKACHADar es SalaamTanzania,City,-1,-1,KWA TUMBODar es SalaamTanzania,City,-1,-1,KWA ZOMBOKODar es SalaamTanzania,City,-1,-1,MABATINI KASKAZINIMwanzaTanzania,City,-1,-1,MACHINJIONIDar es SalaamTanzania,City,-1,-1,MADENGEDar es SalaamTanzania,City,-1,-1,MAGOGONIDar es SalaamTanzania,City,-1,-1,MAGURUMBASI  ADar es SalaamTanzania,City,-1,-1,MAGURUMBASI BDar es SalaamTanzania,City,-1,-1,MAJENGODar es SalaamTanzania,City,-1,-1,MAJI MATITU ADar es SalaamTanzania,City,-1,-1,MAJI MATITU BDar es SalaamTanzania,City,-1,-1,MAJI MATITU CDar es SalaamTanzania,City,-1,-1,MAKANGARAWEDar es SalaamTanzania,City,-1,-1,MAKUTI ADar es SalaamTanzania,City,-1,-1,MALAPADar es SalaamTanzania,City,-1,-1,MALELADar es SalaamTanzania,City,-1,-1,MAMBOLEO ADar es SalaamTanzania,City,-1,-1,MAMBOLEO BDar es SalaamTanzania,City,-1,-1,MANDELADar es SalaamTanzania,City,-1,-1,MANGAYADar es SalaamTanzania,City,-1,-1,MASAKIDar es SalaamTanzania,City,-1,-1,MASULIZADar es SalaamTanzania,City,-1,-1,MATUMBIDar es SalaamTanzania,City,-1,-1,MAZIZINIDar es SalaamTanzania,City,-1,-1,MBAGALADar es SalaamTanzania,City,-1,-1,MBANDE MAGENGENIDar es SalaamTanzania,City,-1,-1,MBUYUNIDar es SalaamTanzania,City,-1,-1,MCHIKICHINIDar es SalaamTanzania,City,-1,-1,MGENI NANIDar es SalaamTanzania,City,-1,-1,MIANZINIDar es SalaamTanzania,City,-1,-1,MIDIZINIDar es SalaamTanzania,City,-1,-1,MIEMBENIDar es SalaamTanzania,City,-1,-1,MIKOROSHONIDar es SalaamTanzania,City,-1,-1,MIKWAMBE CCMDar es SalaamTanzania,City,-1,-1,MINAZI MIREFUDar es SalaamTanzania,City,-1,-1,MISHENIDar es SalaamTanzania,City,-1,-1,MJI MPYADar es SalaamTanzania,City,-1,-1,MJIMPYADar es SalaamTanzania,City,-1,-1,MKONDOGWADar es SalaamTanzania,City,-1,-1;Settlement "Settlement" true true false 80 Text 0 0 ,First,#,MKUNGUNI ADar es SalaamTanzania,Settlement,-1,-1,MKWAJUNIDar es SalaamTanzania,Settlement,-1,-1,MKWINDADar es SalaamTanzania,Settlement,-1,-1,MNAZI MMOJADar es SalaamTanzania,Settlement,-1,-1,MNYAMANIDar es SalaamTanzania,Settlement,-1,-1,ALLY MAUA ADar es SalaamTanzania,Settlement,-1,-1,ALLY MAUA BDar es SalaamTanzania,Settlement,-1,-1,AZIMIO KASKAZINIDar es SalaamTanzania,Settlement,-1,-1,AZIMIO KUSINIDar es SalaamTanzania,Settlement,-1,-1,BARABARA YA MWINYIDar es SalaamTanzania,Settlement,-1,-1,BARUTIDar es SalaamTanzania,Settlement,-1,-1,BOKORANIDar es SalaamTanzania,Settlement,-1,-1,BONDE LA MPUNGADar es SalaamTanzania,Settlement,-1,-1,BUGHUDADIDar es SalaamTanzania,Settlement,-1,-1,BUTIAMADar es SalaamTanzania,Settlement,-1,-1,BUZADar es SalaamTanzania,Settlement,-1,-1,BWAWANIDar es SalaamTanzania,Settlement,-1,-1,CHAKULA BORADar es SalaamTanzania,Settlement,-1,-1,CHANGANYIKENIDar es SalaamTanzania,Settlement,-1,-1,DOVYADar es SalaamTanzania,Settlement,-1,-1,FARUDar es SalaamTanzania,Settlement,-1,-1,GOLANIDar es SalaamTanzania,Settlement,-1,-1,GOROKADar es SalaamTanzania,Settlement,-1,-1,JUHUDIDar es SalaamTanzania,Settlement,-1,-1,KAGERA MIKOROSHINIDar es SalaamTanzania,Settlement,-1,-1,KARAKATADar es SalaamTanzania,Settlement,-1,-1,KEKO BDar es SalaamTanzania,Settlement,-1,-1,KEKO MACHUNGWADar es SalaamTanzania,Settlement,-1,-1,KEKO MWANGA  ADar es SalaamTanzania,Settlement,-1,-1,KEKO MWANGA BDar es SalaamTanzania,Settlement,-1,-1,KICHANGANIDar es SalaamTanzania,Settlement,-1,-1,KIDAGAADar es SalaamTanzania,Settlement,-1,-1,KIGILAGILADar es SalaamTanzania,Settlement,-1,-1,KIGOGO KATIDar es SalaamTanzania,Settlement,-1,-1,KIGUNGADar es SalaamTanzania,Settlement,-1,-1,KILAKALADar es SalaamTanzania,Settlement,-1,-1,KILIMANIDar es SalaamTanzania,Settlement,-1,-1,KILUNGULE ADar es SalaamTanzania,Settlement,-1,-1,KIMARA BARUTIDar es SalaamTanzania,Settlement,-1,-1,KIMBANGULILEDar es SalaamTanzania,Settlement,-1,-1,KIMBUNGADar es SalaamTanzania,Settlement,-1,-1,KINYAMWEZIDar es SalaamTanzania,Settlement,-1,-1,KIPONZADar es SalaamTanzania,Settlement,-1,-1,KIPUNGUNIDar es SalaamTanzania,Settlement,-1,-1,KISEWEDar es SalaamTanzania,Settlement,-1,-1,KISIWANIDar es SalaamTanzania,Settlement,-1,-1,KIWALANIDar es SalaamTanzania,Settlement,-1,-1,KIZINGADar es SalaamTanzania,Settlement,-1,-1,KOMBODar es SalaamTanzania,Settlement,-1,-1,KONGOWEDar es SalaamTanzania,Settlement,-1,-1,KURASINI MJI MPYADar es SalaamTanzania,Settlement,-1,-1,KWA KOPADar es SalaamTanzania,Settlement,-1,-1,kwa PAKACHADar es SalaamTanzania,Settlement,-1,-1,KWA TUMBODar es SalaamTanzania,Settlement,-1,-1,KWA ZOMBOKODar es SalaamTanzania,Settlement,-1,-1,MABATINI KASKAZINIMwanzaTanzania,Settlement,-1,-1,MACHINJIONIDar es SalaamTanzania,Settlement,-1,-1,MADENGEDar es SalaamTanzania,Settlement,-1,-1,MAGOGONIDar es SalaamTanzania,Settlement,-1,-1,MAGURUMBASI  ADar es SalaamTanzania,Settlement,-1,-1,MAGURUMBASI BDar es SalaamTanzania,Settlement,-1,-1,MAJENGODar es SalaamTanzania,Settlement,-1,-1,MAJI MATITU ADar es SalaamTanzania,Settlement,-1,-1,MAJI MATITU BDar es SalaamTanzania,Settlement,-1,-1,MAJI MATITU CDar es SalaamTanzania,Settlement,-1,-1,MAKANGARAWEDar es SalaamTanzania,Settlement,-1,-1,MAKUTI ADar es SalaamTanzania,Settlement,-1,-1,MALAPADar es SalaamTanzania,Settlement,-1,-1,MALELADar es SalaamTanzania,Settlement,-1,-1,MAMBOLEO ADar es SalaamTanzania,Settlement,-1,-1,MAMBOLEO BDar es SalaamTanzania,Settlement,-1,-1,MANDELADar es SalaamTanzania,Settlement,-1,-1,MANGAYADar es SalaamTanzania,Settlement,-1,-1,MASAKIDar es SalaamTanzania,Settlement,-1,-1,MASULIZADar es SalaamTanzania,Settlement,-1,-1,MATUMBIDar es SalaamTanzania,Settlement,-1,-1,MAZIZINIDar es SalaamTanzania,Settlement,-1,-1,MBAGALADar es SalaamTanzania,Settlement,-1,-1,MBANDE MAGENGENIDar es SalaamTanzania,Settlement,-1,-1,MBUYUNIDar es SalaamTanzania,Settlement,-1,-1,MCHIKICHINIDar es SalaamTanzania,Settlement,-1,-1,MGENI NANIDar es SalaamTanzania,Settlement,-1,-1,MIANZINIDar es SalaamTanzania,Settlement,-1,-1,MIDIZINIDar es SalaamTanzania,Settlement,-1,-1,MIEMBENIDar es SalaamTanzania,Settlement,-1,-1,MIKOROSHONIDar es SalaamTanzania,Settlement,-1,-1,MIKWAMBE CCMDar es SalaamTanzania,Settlement,-1,-1,MINAZI MIREFUDar es SalaamTanzania,Settlement,-1,-1,MISHENIDar es SalaamTanzania,Settlement,-1,-1,MJI MPYADar es SalaamTanzania,Settlement,-1,-1,MJIMPYADar es SalaamTanzania,Settlement,-1,-1,MKONDOGWADar es SalaamTanzania,Settlement,-1,-1;Establishe "Establishe" true true false 80 Text 0 0 ,First,#,MKUNGUNI ADar es SalaamTanzania,Establishe,-1,-1,MKWAJUNIDar es SalaamTanzania,Establishe,-1,-1,MKWINDADar es SalaamTanzania,Establishe,-1,-1,MNAZI MMOJADar es SalaamTanzania,Establishe,-1,-1,MNYAMANIDar es SalaamTanzania,Establishe,-1,-1,ALLY MAUA ADar es SalaamTanzania,Establishe,-1,-1,ALLY MAUA BDar es SalaamTanzania,Establishe,-1,-1,AZIMIO KASKAZINIDar es SalaamTanzania,Establishe,-1,-1,AZIMIO KUSINIDar es SalaamTanzania,Establishe,-1,-1,BARABARA YA MWINYIDar es SalaamTanzania,Establishe,-1,-1,BARUTIDar es SalaamTanzania,Establishe,-1,-1,BOKORANIDar es SalaamTanzania,Establishe,-1,-1,BONDE LA MPUNGADar es SalaamTanzania,Establishe,-1,-1,BUGHUDADIDar es SalaamTanzania,Establishe,-1,-1,BUTIAMADar es SalaamTanzania,Establishe,-1,-1,BUZADar es SalaamTanzania,Establishe,-1,-1,BWAWANIDar es SalaamTanzania,Establishe,-1,-1,CHAKULA BORADar es SalaamTanzania,Establishe,-1,-1,CHANGANYIKENIDar es SalaamTanzania,Establishe,-1,-1,DOVYADar es SalaamTanzania,Establishe,-1,-1,FARUDar es SalaamTanzania,Establishe,-1,-1,GOLANIDar es SalaamTanzania,Establishe,-1,-1,GOROKADar es SalaamTanzania,Establishe,-1,-1,JUHUDIDar es SalaamTanzania,Establishe,-1,-1,KAGERA MIKOROSHINIDar es SalaamTanzania,Establishe,-1,-1,KARAKATADar es SalaamTanzania,Establishe,-1,-1,KEKO BDar es SalaamTanzania,Establishe,-1,-1,KEKO MACHUNGWADar es SalaamTanzania,Establishe,-1,-1,KEKO MWANGA  ADar es SalaamTanzania,Establishe,-1,-1,KEKO MWANGA BDar es SalaamTanzania,Establishe,-1,-1,KICHANGANIDar es SalaamTanzania,Establishe,-1,-1,KIDAGAADar es SalaamTanzania,Establishe,-1,-1,KIGILAGILADar es SalaamTanzania,Establishe,-1,-1,KIGOGO KATIDar es SalaamTanzania,Establishe,-1,-1,KIGUNGADar es SalaamTanzania,Establishe,-1,-1,KILAKALADar es SalaamTanzania,Establishe,-1,-1,KILIMANIDar es SalaamTanzania,Establishe,-1,-1,KILUNGULE ADar es SalaamTanzania,Establishe,-1,-1,KIMARA BARUTIDar es SalaamTanzania,Establishe,-1,-1,KIMBANGULILEDar es SalaamTanzania,Establishe,-1,-1,KIMBUNGADar es SalaamTanzania,Establishe,-1,-1,KINYAMWEZIDar es SalaamTanzania,Establishe,-1,-1,KIPONZADar es SalaamTanzania,Establishe,-1,-1,KIPUNGUNIDar es SalaamTanzania,Establishe,-1,-1,KISEWEDar es SalaamTanzania,Establishe,-1,-1,KISIWANIDar es SalaamTanzania,Establishe,-1,-1,KIWALANIDar es SalaamTanzania,Establishe,-1,-1,KIZINGADar es SalaamTanzania,Establishe,-1,-1,KOMBODar es SalaamTanzania,Establishe,-1,-1,KONGOWEDar es SalaamTanzania,Establishe,-1,-1,KURASINI MJI MPYADar es SalaamTanzania,Establishe,-1,-1,KWA KOPADar es SalaamTanzania,Establishe,-1,-1,kwa PAKACHADar es SalaamTanzania,Establishe,-1,-1,KWA TUMBODar es SalaamTanzania,Establishe,-1,-1,KWA ZOMBOKODar es SalaamTanzania,Establishe,-1,-1,MABATINI KASKAZINIMwanzaTanzania,Establishe,-1,-1,MACHINJIONIDar es SalaamTanzania,Establishe,-1,-1,MADENGEDar es SalaamTanzania,Establishe,-1,-1,MAGOGONIDar es SalaamTanzania,Establishe,-1,-1,MAGURUMBASI  ADar es SalaamTanzania,Establishe,-1,-1,MAGURUMBASI BDar es SalaamTanzania,Establishe,-1,-1,MAJENGODar es SalaamTanzania,Establishe,-1,-1,MAJI MATITU ADar es SalaamTanzania,Establishe,-1,-1,MAJI MATITU BDar es SalaamTanzania,Establishe,-1,-1,MAJI MATITU CDar es SalaamTanzania,Establishe,-1,-1,MAKANGARAWEDar es SalaamTanzania,Establishe,-1,-1,MAKUTI ADar es SalaamTanzania,Establishe,-1,-1,MALAPADar es SalaamTanzania,Establishe,-1,-1,MALELADar es SalaamTanzania,Establishe,-1,-1,MAMBOLEO ADar es SalaamTanzania,Establishe,-1,-1,MAMBOLEO BDar es SalaamTanzania,Establishe,-1,-1,MANDELADar es SalaamTanzania,Establishe,-1,-1,MANGAYADar es SalaamTanzania,Establishe,-1,-1,MASAKIDar es SalaamTanzania,Establishe,-1,-1,MASULIZADar es SalaamTanzania,Establishe,-1,-1,MATUMBIDar es SalaamTanzania,Establishe,-1,-1,MAZIZINIDar es SalaamTanzania,Establishe,-1,-1,MBAGALADar es SalaamTanzania,Establishe,-1,-1,MBANDE MAGENGENIDar es SalaamTanzania,Establishe,-1,-1,MBUYUNIDar es SalaamTanzania,Establishe,-1,-1,MCHIKICHINIDar es SalaamTanzania,Establishe,-1,-1,MGENI NANIDar es SalaamTanzania,Establishe,-1,-1,MIANZINIDar es SalaamTanzania,Establishe,-1,-1,MIDIZINIDar es SalaamTanzania,Establishe,-1,-1,MIEMBENIDar es SalaamTanzania,Establishe,-1,-1,MIKOROSHONIDar es SalaamTanzania,Establishe,-1,-1,MIKWAMBE CCMDar es SalaamTanzania,Establishe,-1,-1,MINAZI MIREFUDar es SalaamTanzania,Establishe,-1,-1,MISHENIDar es SalaamTanzania,Establishe,-1,-1,MJI MPYADar es SalaamTanzania,Establishe,-1,-1,MJIMPYADar es SalaamTanzania,Establishe,-1,-1,MKONDOGWADar es SalaamTanzania,Establishe,-1,-1;Last_Updat "Last_Updat" true true false 80 Text 0 0 ,First,#,MKUNGUNI ADar es SalaamTanzania,Last Updat,-1,-1,MKWAJUNIDar es SalaamTanzania,Last Updat,-1,-1,MKWINDADar es SalaamTanzania,Last Updat,-1,-1,MNAZI MMOJADar es SalaamTanzania,Last Updat,-1,-1,MNYAMANIDar es SalaamTanzania,Last Updat,-1,-1,ALLY MAUA ADar es SalaamTanzania,Last Updat,-1,-1,ALLY MAUA BDar es SalaamTanzania,Last Updat,-1,-1,AZIMIO KASKAZINIDar es SalaamTanzania,Last Updat,-1,-1,AZIMIO KUSINIDar es SalaamTanzania,Last Updat,-1,-1,BARABARA YA MWINYIDar es SalaamTanzania,Last Updat,-1,-1,BARUTIDar es SalaamTanzania,Last Updat,-1,-1,BOKORANIDar es SalaamTanzania,Last Updat,-1,-1,BONDE LA MPUNGADar es SalaamTanzania,Last Updat,-1,-1,BUGHUDADIDar es SalaamTanzania,Last Updat,-1,-1,BUTIAMADar es SalaamTanzania,Last Updat,-1,-1,BUZADar es SalaamTanzania,Last Updat,-1,-1,BWAWANIDar es SalaamTanzania,Last Updat,-1,-1,CHAKULA BORADar es SalaamTanzania,Last Updat,-1,-1,CHANGANYIKENIDar es SalaamTanzania,Last Updat,-1,-1,DOVYADar es SalaamTanzania,Last Updat,-1,-1,FARUDar es SalaamTanzania,Last Updat,-1,-1,GOLANIDar es SalaamTanzania,Last Updat,-1,-1,GOROKADar es SalaamTanzania,Last Updat,-1,-1,JUHUDIDar es SalaamTanzania,Last Updat,-1,-1,KAGERA MIKOROSHINIDar es SalaamTanzania,Last Updat,-1,-1,KARAKATADar es SalaamTanzania,Last Updat,-1,-1,KEKO BDar es SalaamTanzania,Last Updat,-1,-1,KEKO MACHUNGWADar es SalaamTanzania,Last Updat,-1,-1,KEKO MWANGA  ADar es SalaamTanzania,Last Updat,-1,-1,KEKO MWANGA BDar es SalaamTanzania,Last Updat,-1,-1,KICHANGANIDar es SalaamTanzania,Last Updat,-1,-1,KIDAGAADar es SalaamTanzania,Last Updat,-1,-1,KIGILAGILADar es SalaamTanzania,Last Updat,-1,-1,KIGOGO KATIDar es SalaamTanzania,Last Updat,-1,-1,KIGUNGADar es SalaamTanzania,Last Updat,-1,-1,KILAKALADar es SalaamTanzania,Last Updat,-1,-1,KILIMANIDar es SalaamTanzania,Last Updat,-1,-1,KILUNGULE ADar es SalaamTanzania,Last Updat,-1,-1,KIMARA BARUTIDar es SalaamTanzania,Last Updat,-1,-1,KIMBANGULILEDar es SalaamTanzania,Last Updat,-1,-1,KIMBUNGADar es SalaamTanzania,Last Updat,-1,-1,KINYAMWEZIDar es SalaamTanzania,Last Updat,-1,-1,KIPONZADar es SalaamTanzania,Last Updat,-1,-1,KIPUNGUNIDar es SalaamTanzania,Last Updat,-1,-1,KISEWEDar es SalaamTanzania,Last Updat,-1,-1,KISIWANIDar es SalaamTanzania,Last Updat,-1,-1,KIWALANIDar es SalaamTanzania,Last Updat,-1,-1,KIZINGADar es SalaamTanzania,Last Updat,-1,-1,KOMBODar es SalaamTanzania,Last Updat,-1,-1,KONGOWEDar es SalaamTanzania,Last Updat,-1,-1,KURASINI MJI MPYADar es SalaamTanzania,Last Updat,-1,-1,KWA KOPADar es SalaamTanzania,Last Updat,-1,-1,kwa PAKACHADar es SalaamTanzania,Last Updat,-1,-1,KWA TUMBODar es SalaamTanzania,Last Updat,-1,-1,KWA ZOMBOKODar es SalaamTanzania,Last Updat,-1,-1,MABATINI KASKAZINIMwanzaTanzania,Last Updat,-1,-1,MACHINJIONIDar es SalaamTanzania,Last Updat,-1,-1,MADENGEDar es SalaamTanzania,Last Updat,-1,-1,MAGOGONIDar es SalaamTanzania,Last Updat,-1,-1,MAGURUMBASI  ADar es SalaamTanzania,Last Updat,-1,-1,MAGURUMBASI BDar es SalaamTanzania,Last Updat,-1,-1,MAJENGODar es SalaamTanzania,Last Updat,-1,-1,MAJI MATITU ADar es SalaamTanzania,Last Updat,-1,-1,MAJI MATITU BDar es SalaamTanzania,Last Updat,-1,-1,MAJI MATITU CDar es SalaamTanzania,Last Updat,-1,-1,MAKANGARAWEDar es SalaamTanzania,Last Updat,-1,-1,MAKUTI ADar es SalaamTanzania,Last Updat,-1,-1,MALAPADar es SalaamTanzania,Last Updat,-1,-1,MALELADar es SalaamTanzania,Last Updat,-1,-1,MAMBOLEO ADar es SalaamTanzania,Last Updat,-1,-1,MAMBOLEO BDar es SalaamTanzania,Last Updat,-1,-1,MANDELADar es SalaamTanzania,Last Updat,-1,-1,MANGAYADar es SalaamTanzania,Last Updat,-1,-1,MASAKIDar es SalaamTanzania,Last Updat,-1,-1,MASULIZADar es SalaamTanzania,Last Updat,-1,-1,MATUMBIDar es SalaamTanzania,Last Updat,-1,-1,MAZIZINIDar es SalaamTanzania,Last Updat,-1,-1,MBAGALADar es SalaamTanzania,Last Updat,-1,-1,MBANDE MAGENGENIDar es SalaamTanzania,Last Updat,-1,-1,MBUYUNIDar es SalaamTanzania,Last Updat,-1,-1,MCHIKICHINIDar es SalaamTanzania,Last Updat,-1,-1,MGENI NANIDar es SalaamTanzania,Last Updat,-1,-1,MIANZINIDar es SalaamTanzania,Last Updat,-1,-1,MIDIZINIDar es SalaamTanzania,Last Updat,-1,-1,MIEMBENIDar es SalaamTanzania,Last Updat,-1,-1,MIKOROSHONIDar es SalaamTanzania,Last Updat,-1,-1,MIKWAMBE CCMDar es SalaamTanzania,Last Updat,-1,-1,MINAZI MIREFUDar es SalaamTanzania,Last Updat,-1,-1,MISHENIDar es SalaamTanzania,Last Updat,-1,-1,MJI MPYADar es SalaamTanzania,Last Updat,-1,-1,MJIMPYADar es SalaamTanzania,Last Updat,-1,-1,MKONDOGWADar es SalaamTanzania,Last Updat,-1,-1;Population "Population" true true false 80 Text 0 0 ,First,#,MKUNGUNI ADar es SalaamTanzania,Population,-1,-1,MKWAJUNIDar es SalaamTanzania,Population,-1,-1,MKWINDADar es SalaamTanzania,Population,-1,-1,MNAZI MMOJADar es SalaamTanzania,Population,-1,-1,MNYAMANIDar es SalaamTanzania,Population,-1,-1,ALLY MAUA ADar es SalaamTanzania,Population,-1,-1,ALLY MAUA BDar es SalaamTanzania,Population,-1,-1,AZIMIO KASKAZINIDar es SalaamTanzania,Population,-1,-1,AZIMIO KUSINIDar es SalaamTanzania,Population,-1,-1,BARABARA YA MWINYIDar es SalaamTanzania,Population,-1,-1,BARUTIDar es SalaamTanzania,Population,-1,-1,BOKORANIDar es SalaamTanzania,Population,-1,-1,BONDE LA MPUNGADar es SalaamTanzania,Population,-1,-1,BUGHUDADIDar es SalaamTanzania,Population,-1,-1,BUTIAMADar es SalaamTanzania,Population,-1,-1,BUZADar es SalaamTanzania,Population,-1,-1,BWAWANIDar es SalaamTanzania,Population,-1,-1,CHAKULA BORADar es SalaamTanzania,Population,-1,-1,CHANGANYIKENIDar es SalaamTanzania,Population,-1,-1,DOVYADar es SalaamTanzania,Population,-1,-1,FARUDar es SalaamTanzania,Population,-1,-1,GOLANIDar es SalaamTanzania,Population,-1,-1,GOROKADar es SalaamTanzania,Population,-1,-1,JUHUDIDar es SalaamTanzania,Population,-1,-1,KAGERA MIKOROSHINIDar es SalaamTanzania,Population,-1,-1,KARAKATADar es SalaamTanzania,Population,-1,-1,KEKO BDar es SalaamTanzania,Population,-1,-1,KEKO MACHUNGWADar es SalaamTanzania,Population,-1,-1,KEKO MWANGA  ADar es SalaamTanzania,Population,-1,-1,KEKO MWANGA BDar es SalaamTanzania,Population,-1,-1,KICHANGANIDar es SalaamTanzania,Population,-1,-1,KIDAGAADar es SalaamTanzania,Population,-1,-1,KIGILAGILADar es SalaamTanzania,Population,-1,-1,KIGOGO KATIDar es SalaamTanzania,Population,-1,-1,KIGUNGADar es SalaamTanzania,Population,-1,-1,KILAKALADar es SalaamTanzania,Population,-1,-1,KILIMANIDar es SalaamTanzania,Population,-1,-1,KILUNGULE ADar es SalaamTanzania,Population,-1,-1,KIMARA BARUTIDar es SalaamTanzania,Population,-1,-1,KIMBANGULILEDar es SalaamTanzania,Population,-1,-1,KIMBUNGADar es SalaamTanzania,Population,-1,-1,KINYAMWEZIDar es SalaamTanzania,Population,-1,-1,KIPONZADar es SalaamTanzania,Population,-1,-1,KIPUNGUNIDar es SalaamTanzania,Population,-1,-1,KISEWEDar es SalaamTanzania,Population,-1,-1,KISIWANIDar es SalaamTanzania,Population,-1,-1,KIWALANIDar es SalaamTanzania,Population,-1,-1,KIZINGADar es SalaamTanzania,Population,-1,-1,KOMBODar es SalaamTanzania,Population,-1,-1,KONGOWEDar es SalaamTanzania,Population,-1,-1,KURASINI MJI MPYADar es SalaamTanzania,Population,-1,-1,KWA KOPADar es SalaamTanzania,Population,-1,-1,kwa PAKACHADar es SalaamTanzania,Population,-1,-1,KWA TUMBODar es SalaamTanzania,Population,-1,-1,KWA ZOMBOKODar es SalaamTanzania,Population,-1,-1,MABATINI KASKAZINIMwanzaTanzania,Population,-1,-1,MACHINJIONIDar es SalaamTanzania,Population,-1,-1,MADENGEDar es SalaamTanzania,Population,-1,-1,MAGOGONIDar es SalaamTanzania,Population,-1,-1,MAGURUMBASI  ADar es SalaamTanzania,Population,-1,-1,MAGURUMBASI BDar es SalaamTanzania,Population,-1,-1,MAJENGODar es SalaamTanzania,Population,-1,-1,MAJI MATITU ADar es SalaamTanzania,Population,-1,-1,MAJI MATITU BDar es SalaamTanzania,Population,-1,-1,MAJI MATITU CDar es SalaamTanzania,Population,-1,-1,MAKANGARAWEDar es SalaamTanzania,Population,-1,-1,MAKUTI ADar es SalaamTanzania,Population,-1,-1,MALAPADar es SalaamTanzania,Population,-1,-1,MALELADar es SalaamTanzania,Population,-1,-1,MAMBOLEO ADar es SalaamTanzania,Population,-1,-1,MAMBOLEO BDar es SalaamTanzania,Population,-1,-1,MANDELADar es SalaamTanzania,Population,-1,-1,MANGAYADar es SalaamTanzania,Population,-1,-1,MASAKIDar es SalaamTanzania,Population,-1,-1,MASULIZADar es SalaamTanzania,Population,-1,-1,MATUMBIDar es SalaamTanzania,Population,-1,-1,MAZIZINIDar es SalaamTanzania,Population,-1,-1,MBAGALADar es SalaamTanzania,Population,-1,-1,MBANDE MAGENGENIDar es SalaamTanzania,Population,-1,-1,MBUYUNIDar es SalaamTanzania,Population,-1,-1,MCHIKICHINIDar es SalaamTanzania,Population,-1,-1,MGENI NANIDar es SalaamTanzania,Population,-1,-1,MIANZINIDar es SalaamTanzania,Population,-1,-1,MIDIZINIDar es SalaamTanzania,Population,-1,-1,MIEMBENIDar es SalaamTanzania,Population,-1,-1,MIKOROSHONIDar es SalaamTanzania,Population,-1,-1,MIKWAMBE CCMDar es SalaamTanzania,Population,-1,-1,MINAZI MIREFUDar es SalaamTanzania,Population,-1,-1,MISHENIDar es SalaamTanzania,Population,-1,-1,MJI MPYADar es SalaamTanzania,Population,-1,-1,MJIMPYADar es SalaamTanzania,Population,-1,-1,MKONDOGWADar es SalaamTanzania,Population,-1,-1;Structures "Structures" true true false 80 Text 0 0 ,First,#,MKUNGUNI ADar es SalaamTanzania,Structures,-1,-1,MKWAJUNIDar es SalaamTanzania,Structures,-1,-1,MKWINDADar es SalaamTanzania,Structures,-1,-1,MNAZI MMOJADar es SalaamTanzania,Structures,-1,-1,MNYAMANIDar es SalaamTanzania,Structures,-1,-1,ALLY MAUA ADar es SalaamTanzania,Structures,-1,-1,ALLY MAUA BDar es SalaamTanzania,Structures,-1,-1,AZIMIO KASKAZINIDar es SalaamTanzania,Structures,-1,-1,AZIMIO KUSINIDar es SalaamTanzania,Structures,-1,-1,BARABARA YA MWINYIDar es SalaamTanzania,Structures,-1,-1,BARUTIDar es SalaamTanzania,Structures,-1,-1,BOKORANIDar es SalaamTanzania,Structures,-1,-1,BONDE LA MPUNGADar es SalaamTanzania,Structures,-1,-1,BUGHUDADIDar es SalaamTanzania,Structures,-1,-1,BUTIAMADar es SalaamTanzania,Structures,-1,-1,BUZADar es SalaamTanzania,Structures,-1,-1,BWAWANIDar es SalaamTanzania,Structures,-1,-1,CHAKULA BORADar es SalaamTanzania,Structures,-1,-1,CHANGANYIKENIDar es SalaamTanzania,Structures,-1,-1,DOVYADar es SalaamTanzania,Structures,-1,-1,FARUDar es SalaamTanzania,Structures,-1,-1,GOLANIDar es SalaamTanzania,Structures,-1,-1,GOROKADar es SalaamTanzania,Structures,-1,-1,JUHUDIDar es SalaamTanzania,Structures,-1,-1,KAGERA MIKOROSHINIDar es SalaamTanzania,Structures,-1,-1,KARAKATADar es SalaamTanzania,Structures,-1,-1,KEKO BDar es SalaamTanzania,Structures,-1,-1,KEKO MACHUNGWADar es SalaamTanzania,Structures,-1,-1,KEKO MWANGA  ADar es SalaamTanzania,Structures,-1,-1,KEKO MWANGA BDar es SalaamTanzania,Structures,-1,-1,KICHANGANIDar es SalaamTanzania,Structures,-1,-1,KIDAGAADar es SalaamTanzania,Structures,-1,-1,KIGILAGILADar es SalaamTanzania,Structures,-1,-1,KIGOGO KATIDar es SalaamTanzania,Structures,-1,-1,KIGUNGADar es SalaamTanzania,Structures,-1,-1,KILAKALADar es SalaamTanzania,Structures,-1,-1,KILIMANIDar es SalaamTanzania,Structures,-1,-1,KILUNGULE ADar es SalaamTanzania,Structures,-1,-1,KIMARA BARUTIDar es SalaamTanzania,Structures,-1,-1,KIMBANGULILEDar es SalaamTanzania,Structures,-1,-1,KIMBUNGADar es SalaamTanzania,Structures,-1,-1,KINYAMWEZIDar es SalaamTanzania,Structures,-1,-1,KIPONZADar es SalaamTanzania,Structures,-1,-1,KIPUNGUNIDar es SalaamTanzania,Structures,-1,-1,KISEWEDar es SalaamTanzania,Structures,-1,-1,KISIWANIDar es SalaamTanzania,Structures,-1,-1,KIWALANIDar es SalaamTanzania,Structures,-1,-1,KIZINGADar es SalaamTanzania,Structures,-1,-1,KOMBODar es SalaamTanzania,Structures,-1,-1,KONGOWEDar es SalaamTanzania,Structures,-1,-1,KURASINI MJI MPYADar es SalaamTanzania,Structures,-1,-1,KWA KOPADar es SalaamTanzania,Structures,-1,-1,kwa PAKACHADar es SalaamTanzania,Structures,-1,-1,KWA TUMBODar es SalaamTanzania,Structures,-1,-1,KWA ZOMBOKODar es SalaamTanzania,Structures,-1,-1,MABATINI KASKAZINIMwanzaTanzania,Structures,-1,-1,MACHINJIONIDar es SalaamTanzania,Structures,-1,-1,MADENGEDar es SalaamTanzania,Structures,-1,-1,MAGOGONIDar es SalaamTanzania,Structures,-1,-1,MAGURUMBASI  ADar es SalaamTanzania,Structures,-1,-1,MAGURUMBASI BDar es SalaamTanzania,Structures,-1,-1,MAJENGODar es SalaamTanzania,Structures,-1,-1,MAJI MATITU ADar es SalaamTanzania,Structures,-1,-1,MAJI MATITU BDar es SalaamTanzania,Structures,-1,-1,MAJI MATITU CDar es SalaamTanzania,Structures,-1,-1,MAKANGARAWEDar es SalaamTanzania,Structures,-1,-1,MAKUTI ADar es SalaamTanzania,Structures,-1,-1,MALAPADar es SalaamTanzania,Structures,-1,-1,MALELADar es SalaamTanzania,Structures,-1,-1,MAMBOLEO ADar es SalaamTanzania,Structures,-1,-1,MAMBOLEO BDar es SalaamTanzania,Structures,-1,-1,MANDELADar es SalaamTanzania,Structures,-1,-1,MANGAYADar es SalaamTanzania,Structures,-1,-1,MASAKIDar es SalaamTanzania,Structures,-1,-1,MASULIZADar es SalaamTanzania,Structures,-1,-1,MATUMBIDar es SalaamTanzania,Structures,-1,-1,MAZIZINIDar es SalaamTanzania,Structures,-1,-1,MBAGALADar es SalaamTanzania,Structures,-1,-1,MBANDE MAGENGENIDar es SalaamTanzania,Structures,-1,-1,MBUYUNIDar es SalaamTanzania,Structures,-1,-1,MCHIKICHINIDar es SalaamTanzania,Structures,-1,-1,MGENI NANIDar es SalaamTanzania,Structures,-1,-1,MIANZINIDar es SalaamTanzania,Structures,-1,-1,MIDIZINIDar es SalaamTanzania,Structures,-1,-1,MIEMBENIDar es SalaamTanzania,Structures,-1,-1,MIKOROSHONIDar es SalaamTanzania,Structures,-1,-1,MIKWAMBE CCMDar es SalaamTanzania,Structures,-1,-1,MINAZI MIREFUDar es SalaamTanzania,Structures,-1,-1,MISHENIDar es SalaamTanzania,Structures,-1,-1,MJI MPYADar es SalaamTanzania,Structures,-1,-1,MJIMPYADar es SalaamTanzania,Structures,-1,-1,MKONDOGWADar es SalaamTanzania,Structures,-1,-1;url "url" true true false 80 Text 0 0 ,First,#,MKUNGUNI ADar es SalaamTanzania,url,-1,-1,MKWAJUNIDar es SalaamTanzania,url,-1,-1,MKWINDADar es SalaamTanzania,url,-1,-1,MNAZI MMOJADar es SalaamTanzania,url,-1,-1,MNYAMANIDar es SalaamTanzania,url,-1,-1,ALLY MAUA ADar es SalaamTanzania,url,-1,-1,ALLY MAUA BDar es SalaamTanzania,url,-1,-1,AZIMIO KASKAZINIDar es SalaamTanzania,url,-1,-1,AZIMIO KUSINIDar es SalaamTanzania,url,-1,-1,BARABARA YA MWINYIDar es SalaamTanzania,url,-1,-1,BARUTIDar es SalaamTanzania,url,-1,-1,BOKORANIDar es SalaamTanzania,url,-1,-1,BONDE LA MPUNGADar es SalaamTanzania,url,-1,-1,BUGHUDADIDar es SalaamTanzania,url,-1,-1,BUTIAMADar es SalaamTanzania,url,-1,-1,BUZADar es SalaamTanzania,url,-1,-1,BWAWANIDar es SalaamTanzania,url,-1,-1,CHAKULA BORADar es SalaamTanzania,url,-1,-1,CHANGANYIKENIDar es SalaamTanzania,url,-1,-1,DOVYADar es SalaamTanzania,url,-1,-1,FARUDar es SalaamTanzania,url,-1,-1,GOLANIDar es SalaamTanzania,url,-1,-1,GOROKADar es SalaamTanzania,url,-1,-1,JUHUDIDar es SalaamTanzania,url,-1,-1,KAGERA MIKOROSHINIDar es SalaamTanzania,url,-1,-1,KARAKATADar es SalaamTanzania,url,-1,-1,KEKO BDar es SalaamTanzania,url,-1,-1,KEKO MACHUNGWADar es SalaamTanzania,url,-1,-1,KEKO MWANGA  ADar es SalaamTanzania,url,-1,-1,KEKO MWANGA BDar es SalaamTanzania,url,-1,-1,KICHANGANIDar es SalaamTanzania,url,-1,-1,KIDAGAADar es SalaamTanzania,url,-1,-1,KIGILAGILADar es SalaamTanzania,url,-1,-1,KIGOGO KATIDar es SalaamTanzania,url,-1,-1,KIGUNGADar es SalaamTanzania,url,-1,-1,KILAKALADar es SalaamTanzania,url,-1,-1,KILIMANIDar es SalaamTanzania,url,-1,-1,KILUNGULE ADar es SalaamTanzania,url,-1,-1,KIMARA BARUTIDar es SalaamTanzania,url,-1,-1,KIMBANGULILEDar es SalaamTanzania,url,-1,-1,KIMBUNGADar es SalaamTanzania,url,-1,-1,KINYAMWEZIDar es SalaamTanzania,url,-1,-1,KIPONZADar es SalaamTanzania,url,-1,-1,KIPUNGUNIDar es SalaamTanzania,url,-1,-1,KISEWEDar es SalaamTanzania,url,-1,-1,KISIWANIDar es SalaamTanzania,url,-1,-1,KIWALANIDar es SalaamTanzania,url,-1,-1,KIZINGADar es SalaamTanzania,url,-1,-1,KOMBODar es SalaamTanzania,url,-1,-1,KONGOWEDar es SalaamTanzania,url,-1,-1,KURASINI MJI MPYADar es SalaamTanzania,url,-1,-1,KWA KOPADar es SalaamTanzania,url,-1,-1,kwa PAKACHADar es SalaamTanzania,url,-1,-1,KWA TUMBODar es SalaamTanzania,url,-1,-1,KWA ZOMBOKODar es SalaamTanzania,url,-1,-1,MABATINI KASKAZINIMwanzaTanzania,url,-1,-1,MACHINJIONIDar es SalaamTanzania,url,-1,-1,MADENGEDar es SalaamTanzania,url,-1,-1,MAGOGONIDar es SalaamTanzania,url,-1,-1,MAGURUMBASI  ADar es SalaamTanzania,url,-1,-1,MAGURUMBASI BDar es SalaamTanzania,url,-1,-1,MAJENGODar es SalaamTanzania,url,-1,-1,MAJI MATITU ADar es SalaamTanzania,url,-1,-1,MAJI MATITU BDar es SalaamTanzania,url,-1,-1,MAJI MATITU CDar es SalaamTanzania,url,-1,-1,MAKANGARAWEDar es SalaamTanzania,url,-1,-1,MAKUTI ADar es SalaamTanzania,url,-1,-1,MALAPADar es SalaamTanzania,url,-1,-1,MALELADar es SalaamTanzania,url,-1,-1,MAMBOLEO ADar es SalaamTanzania,url,-1,-1,MAMBOLEO BDar es SalaamTanzania,url,-1,-1,MANDELADar es SalaamTanzania,url,-1,-1,MANGAYADar es SalaamTanzania,url,-1,-1,MASAKIDar es SalaamTanzania,url,-1,-1,MASULIZADar es SalaamTanzania,url,-1,-1,MATUMBIDar es SalaamTanzania,url,-1,-1,MAZIZINIDar es SalaamTanzania,url,-1,-1,MBAGALADar es SalaamTanzania,url,-1,-1,MBANDE MAGENGENIDar es SalaamTanzania,url,-1,-1,MBUYUNIDar es SalaamTanzania,url,-1,-1,MCHIKICHINIDar es SalaamTanzania,url,-1,-1,MGENI NANIDar es SalaamTanzania,url,-1,-1,MIANZINIDar es SalaamTanzania,url,-1,-1,MIDIZINIDar es SalaamTanzania,url,-1,-1,MIEMBENIDar es SalaamTanzania,url,-1,-1,MIKOROSHONIDar es SalaamTanzania,url,-1,-1,MIKWAMBE CCMDar es SalaamTanzania,url,-1,-1,MINAZI MIREFUDar es SalaamTanzania,url,-1,-1,MISHENIDar es SalaamTanzania,url,-1,-1,MJI MPYADar es SalaamTanzania,url,-1,-1,MJIMPYADar es SalaamTanzania,url,-1,-1,MKONDOGWADar es SalaamTanzania,url,-1,-1"</Process><Process ToolSource="c:\program files (x86)\arcgis\desktop10.8\ArcToolbox\Toolboxes\Data Management Tools.tbx\CalculateField" Date="20220101" Time="192054">CalculateField DaresSalaamTanzania_merge Population str( !Population! ).replace(',', '')
 PYTHON_9.3 #</Process><Process ToolSource="c:\program files (x86)\arcgis\desktop10.8\ArcToolbox\Toolboxes\Data Management Tools.tbx\CalculateField" Date="20220101" Time="192200">CalculateField DaresSalaamTanzania_merge pop "!Population! 
" PYTHON_9.3 #</Process><Process ToolSource="c:\program files (x86)\arcgis\desktop10.8\ArcToolbox\Toolboxes\Data Management Tools.tbx\CalculateField" Date="20220228" Time="230848">CalculateField kyc_tan kyc_year str(!Last_Updat!).rpartition('-')[2]
 PYTHON_9.3 #</Process><Process ToolSource="c:\program files (x86)\arcgis\desktop10.8\ArcToolbox\Toolboxes\Data Management Tools.tbx\Project" Date="20220827" Time="010747">Project dar_kyc_drtcln1 D:\Dropbox\Work_main\p_ciesin_pop_slum_compare\data\kyc_campaign\tza\dar_drtcln2.shp PROJCS['WGS_1984_UTM_Zone_37N',GEOGCS['GCS_WGS_1984',DATUM['D_WGS_1984',SPHEROID['WGS_1984',6378137.0,298.257223563]],PRIMEM['Greenwich',0.0],UNIT['Degree',0.0174532925199433]],PROJECTION['Transverse_Mercator'],PARAMETER['False_Easting',500000.0],PARAMETER['False_Northing',0.0],PARAMETER['Central_Meridian',39.0],PARAMETER['Scale_Factor',0.9996],PARAMETER['Latitude_Of_Origin',0.0],UNIT['Meter',1.0]] # GEOGCS['GCS_WGS_1984',DATUM['D_WGS_1984',SPHEROID['WGS_1984',6378137.0,298.257223563]],PRIMEM['Greenwich',0.0],UNIT['Degree',0.0174532925199433]] NO_PRESERVE_SHAPE # NO_VERTICAL</Process><Process ToolSource="c:\program files (x86)\arcgis\desktop10.8\ArcToolbox\Toolboxes\Data Management Tools.tbx\CalculateField" Date="20220827" Time="010840">CalculateField dar_drtcln2 dens_area "[pop]/ [area]" VB #</Process><Process ToolSource="c:\program files (x86)\arcgis\desktop10.8\ArcToolbox\Toolboxes\Data Management Tools.tbx\CalculateField" Date="20220827" Time="011930">CalculateField dar_drtcln2 drt_cln "modified boundary" VB #</Process><Process ToolSource="c:\program files (x86)\arcgis\desktop10.8\ArcToolbox\Toolboxes\Data Management Tools.tbx\CalculateField" Date="20220827" Time="012118">CalculateField dar_drtcln2 drt_cln "modified boundary" VB #</Process><Process ToolSource="c:\program files (x86)\arcgis\desktop10.8\ArcToolbox\Toolboxes\Data Management Tools.tbx\CalculateField" Date="20220827" Time="012833">CalculateField dar_drtcln2 drt_cln "modified boundary" VB #</Process><Process ToolSource="c:\program files (x86)\arcgis\desktop10.8\ArcToolbox\Toolboxes\Data Management Tools.tbx\CalculateField" Date="20220827" Time="013855">CalculateField dar_drtcln2 drt_cln "modified boundary" VB #</Process><Process ToolSource="c:\program files (x86)\arcgis\desktop10.8\ArcToolbox\Toolboxes\Data Management Tools.tbx\CalculateField" Date="20220827" Time="020922">CalculateField dar_drtcln2 drt_cln "modified boundary" VB #</Process><Process ToolSource="c:\program files (x86)\arcgis\desktop10.8\ArcToolbox\Toolboxes\Data Management Tools.tbx\CalculateField" Date="20220827" Time="023043">CalculateField dar_drtcln2 drt_cln "modified boundary" VB #</Process><Process ToolSource="c:\program files (x86)\arcgis\desktop10.8\ArcToolbox\Toolboxes\Data Management Tools.tbx\CalculateField" Date="20220827" Time="023427">CalculateField dar_drtcln2 drt_cln "modified boundary" VB #</Process><Process ToolSource="c:\program files (x86)\arcgis\desktop10.8\ArcToolbox\Toolboxes\Data Management Tools.tbx\CalculateField" Date="20220827" Time="030049">CalculateField dar_drtcln2 drt_cln "modified boundary" VB #</Process><Process ToolSource="c:\program files (x86)\arcgis\desktop10.8\ArcToolbox\Toolboxes\Data Management Tools.tbx\CalculateField" Date="20220827" Time="030411">CalculateField dar_drtcln2 drt_cln "modified boundary" VB #</Process><Process ToolSource="c:\program files (x86)\arcgis\desktop10.8\ArcToolbox\Toolboxes\Data Management Tools.tbx\CalculateField" Date="20220827" Time="030541">CalculateField dar_drtcln2 drt_cln "modified boundary" VB #</Process><Process ToolSource="c:\program files (x86)\arcgis\desktop10.8\ArcToolbox\Toolboxes\Data Management Tools.tbx\CalculateField" Date="20220827" Time="030824">CalculateField dar_drtcln2 drt_cln "modified boundary" VB #</Process><Process ToolSource="c:\program files (x86)\arcgis\desktop10.8\ArcToolbox\Toolboxes\Data Management Tools.tbx\CalculateField" Date="20220827" Time="031758">CalculateField dar_drtcln2 drt_cln "modified boundary" VB #</Process><Process ToolSource="c:\program files (x86)\arcgis\desktop10.8\ArcToolbox\Toolboxes\Data Management Tools.tbx\CalculateField" Date="20220827" Time="031900">CalculateField dar_drtcln2 drt_cln "modified boundary" VB #</Process><Process ToolSource="c:\program files (x86)\arcgis\desktop10.8\ArcToolbox\Toolboxes\Data Management Tools.tbx\CalculateField" Date="20220827" Time="032028">CalculateField dar_drtcln2 drt_cln "modified boundary" VB #</Process><Process ToolSource="c:\program files (x86)\arcgis\desktop10.8\ArcToolbox\Toolboxes\Data Management Tools.tbx\CalculateField" Date="20220827" Time="032420">CalculateField dar_drtcln2 drt_cln "modified boundary" VB #</Process><Process ToolSource="c:\program files (x86)\arcgis\desktop10.8\ArcToolbox\Toolboxes\Data Management Tools.tbx\CalculateField" Date="20220827" Time="032426">CalculateField dar_drtcln2 drt_cln "modified boundary" VB #</Process><Process ToolSource="c:\program files (x86)\arcgis\desktop10.8\ArcToolbox\Toolboxes\Data Management Tools.tbx\CalculateField" Date="20220827" Time="032456">CalculateField dar_drtcln2 dens_area "[pop]/ [area]" VB #</Process><Process ToolSource="c:\program files (x86)\arcgis\desktop10.8\ArcToolbox\Toolboxes\Data Management Tools.tbx\CalculateField" Date="20220827" Time="033009">CalculateField dar_drtcln2 drt_cln "[pop]/ [area]" VB #</Process><Process ToolSource="c:\program files (x86)\arcgis\desktop10.8\ArcToolbox\Toolboxes\Data Management Tools.tbx\CalculateField" Date="20220827" Time="033207">CalculateField dar_drtcln2 drt_cln "modified boundary" VB #</Process><Process ToolSource="c:\program files (x86)\arcgis\desktop10.8\ArcToolbox\Toolboxes\Data Management Tools.tbx\Project" Date="20220827" Time="033317">Project dar_drtcln2 D:\Dropbox\Work_main\p_ciesin_pop_slum_compare\data\kyc_campaign\tza\dar_tza_drtcln1.shp GEOGCS['GCS_WGS_1984',DATUM['D_WGS_1984',SPHEROID['WGS_1984',6378137.0,298.257223563]],PRIMEM['Greenwich',0.0],UNIT['Degree',0.0174532925199433]] # PROJCS['WGS_1984_UTM_Zone_37N',GEOGCS['GCS_WGS_1984',DATUM['D_WGS_1984',SPHEROID['WGS_1984',6378137.0,298.257223563]],PRIMEM['Greenwich',0.0],UNIT['Degree',0.0174532925199433]],PROJECTION['Transverse_Mercator'],PARAMETER['False_Easting',500000.0],PARAMETER['False_Northing',0.0],PARAMETER['Central_Meridian',39.0],PARAMETER['Scale_Factor',0.9996],PARAMETER['Latitude_Of_Origin',0.0],UNIT['Meter',1.0]] NO_PRESERVE_SHAPE # NO_VERTICAL</Process></lineage></DataProperties><SyncDate>20220101</SyncDate><SyncTime>19064700</SyncTime><ModDate>20220101</ModDate><ModTime>19064700</ModTime></Esri><dataIdInfo><envirDesc Sync="TRUE"> Version 6.2 (Build 9200) ; Esri ArcGIS 10.8.1.14362</envirDesc><dataLang><languageCode value="eng" Sync="TRUE"></languageCode><countryCode value="USA" Sync="TRUE"></countryCode></dataLang><idCitation><resTitle Sync="TRUE">DaresSalaamTanzania_merge</resTitle><presForm><PresFormCd value="005" Sync="TRUE"></PresFormCd></presForm></idCitation><spatRpType><SpatRepTypCd value="001" Sync="TRUE"></SpatRepTypCd></spatRpType></dataIdInfo><mdLang><languageCode value="eng" Sync="TRUE"></languageCode><countryCode value="USA" Sync="TRUE"></countryCode></mdLang><distInfo><distFormat><formatName Sync="TRUE">File Geodatabase Feature Class</formatName></distFormat></distInfo><mdHrLv><ScopeCd value="005" Sync="TRUE"></ScopeCd></mdHrLv><mdHrLvName Sync="TRUE">dataset</mdHrLvName><refSysInfo><RefSystem><refSysID><identCode code="4326" Sync="TRUE"></identCode><idCodeSpace Sync="TRUE">EPSG</idCodeSpace><idVersion Sync="TRUE">6.14(3.0.1)</idVersion></refSysID></RefSystem></refSysInfo><spatRepInfo><VectSpatRep><geometObjs Name="DaresSalaamTanzania_merge"><geoObjTyp><GeoObjTypCd value="002" Sync="TRUE"></GeoObjTypCd></geoObjTyp><geoObjCnt Sync="TRUE">0</geoObjCnt></geometObjs><topLvl><TopoLevCd value="001" Sync="TRUE"></TopoLevCd></topLvl></VectSpatRep></spatRepInfo><spdoinfo><ptvctinf><esriterm Name="DaresSalaamTanzania_merge"><efeatyp Sync="TRUE">Simple</efeatyp><efeageom code="4" Sync="TRUE"></efeageom><esritopo Sync="TRUE">FALSE</esritopo><efeacnt Sync="TRUE">0</efeacnt><spindex Sync="TRUE">TRUE</spindex><linrefer Sync="TRUE">FALSE</linrefer></esriterm></ptvctinf></spdoinfo><eainfo><detailed Name="DaresSalaamTanzania_merge"><enttyp><enttypl Sync="TRUE">DaresSalaamTanzania_merge</enttypl><enttypt Sync="TRUE">Feature Class</enttypt><enttypc Sync="TRUE">0</enttypc></enttyp><attr><attrlabl Sync="TRUE">OBJECTID</attrlabl><attalias Sync="TRUE">OBJECTID</attalias><attrtype Sync="TRUE">OID</attrtype><attwidth Sync="TRUE">4</attwidth><atprecis Sync="TRUE">0</atprecis><attscale Sync="TRUE">0</attscale><attrdef Sync="TRUE">Internal feature number.</attrdef><attrdefs Sync="TRUE">Esri</attrdefs><attrdomv><udom Sync="TRUE">Sequential unique whole numbers that are automatically generated.</udom></attrdomv></attr><attr><attrlabl Sync="TRUE">Shape</attrlabl><attalias Sync="TRUE">Shape</attalias><attrtype Sync="TRUE">Geometry</attrtype><attwidth Sync="TRUE">0</attwidth><atprecis Sync="TRUE">0</atprecis><attscale Sync="TRUE">0</attscale><attrdef Sync="TRUE">Feature geometry.</attrdef><attrdefs Sync="TRUE">Esri</attrdefs><attrdomv><udom Sync="TRUE">Coordinates defining the features.</udom></attrdomv></attr><attr><attrlabl Sync="TRUE">Country</attrlabl><attalias Sync="TRUE">Country</attalias><attrtype Sync="TRUE">String</attrtype><attwidth Sync="TRUE">80</attwidth><atprecis Sync="TRUE">0</atprecis><attscale Sync="TRUE">0</attscale></attr><attr><attrlabl Sync="TRUE">City</attrlabl><attalias Sync="TRUE">City</attalias><attrtype Sync="TRUE">String</attrtype><attwidth Sync="TRUE">80</attwidth><atprecis Sync="TRUE">0</atprecis><attscale Sync="TRUE">0</attscale></attr><attr><attrlabl Sync="TRUE">Settlement</attrlabl><attalias Sync="TRUE">Settlement</attalias><attrtype Sync="TRUE">String</attrtype><attwidth Sync="TRUE">80</attwidth><atprecis Sync="TRUE">0</atprecis><attscale Sync="TRUE">0</attscale></attr><attr><attrlabl Sync="TRUE">Establishe</attrlabl><attalias Sync="TRUE">Establishe</attalias><attrtype Sync="TRUE">String</attrtype><attwidth Sync="TRUE">80</attwidth><atprecis Sync="TRUE">0</atprecis><attscale Sync="TRUE">0</attscale></attr><attr><attrlabl Sync="TRUE">Last_Updat</attrlabl><attalias Sync="TRUE">Last_Updat</attalias><attrtype Sync="TRUE">String</attrtype><attwidth Sync="TRUE">80</attwidth><atprecis Sync="TRUE">0</atprecis><attscale Sync="TRUE">0</attscale></attr><attr><attrlabl Sync="TRUE">Population</attrlabl><attalias Sync="TRUE">Population</attalias><attrtype Sync="TRUE">String</attrtype><attwidth Sync="TRUE">80</attwidth><atprecis Sync="TRUE">0</atprecis><attscale Sync="TRUE">0</attscale></attr><attr><attrlabl Sync="TRUE">Structures</attrlabl><attalias Sync="TRUE">Structures</attalias><attrtype Sync="TRUE">String</attrtype><attwidth Sync="TRUE">80</attwidth><atprecis Sync="TRUE">0</atprecis><attscale Sync="TRUE">0</attscale></attr><attr><attrlabl Sync="TRUE">url</attrlabl><attalias Sync="TRUE">url</attalias><attrtype Sync="TRUE">String</attrtype><attwidth Sync="TRUE">80</attwidth><atprecis Sync="TRUE">0</atprecis><attscale Sync="TRUE">0</attscale></attr><attr><attrlabl Sync="TRUE">Shape_Length</attrlabl><attalias Sync="TRUE">Shape_Length</attalias><attrtype Sync="TRUE">Double</attrtype><attwidth Sync="TRUE">8</attwidth><atprecis Sync="TRUE">0</atprecis><attscale Sync="TRUE">0</attscale><attrdef Sync="TRUE">Length of feature in internal units.</attrdef><attrdefs Sync="TRUE">Esri</attrdefs><attrdomv><udom Sync="TRUE">Positive real numbers that are automatically generated.</udom></attrdomv></attr><attr><attrlabl Sync="TRUE">Shape_Area</attrlabl><attalias Sync="TRUE">Shape_Area</attalias><attrtype Sync="TRUE">Double</attrtype><attwidth Sync="TRUE">8</attwidth><atprecis Sync="TRUE">0</atprecis><attscale Sync="TRUE">0</attscale><attrdef Sync="TRUE">Area of feature in internal units squared.</attrdef><attrdefs Sync="TRUE">Esri</attrdefs><attrdomv><udom Sync="TRUE">Positive real numbers that are automatically generated.</udom></attrdomv></attr></detailed></eainfo><mdDateSt Sync="TRUE">20220101</mdDateSt></metadata>
