<?xml version="1.0" encoding="UTF-8"?>
<metadata xml:lang="en"><Esri><CreaDate>20220826</CreaDate><CreaTime>11331400</CreaTime><ArcGISFormat>1.0</ArcGISFormat><SyncOnce>TRUE</SyncOnce><DataProperties><lineage><Process ToolSource="c:\program files (x86)\arcgis\desktop10.8\ArcToolbox\Toolboxes\Data Management Tools.tbx\CalculateField" Date="20220826" Time="101449">CalculateField kyc_ken drt_cln "drop - unrealistic pop" VB #</Process><Process ToolSource="c:\program files (x86)\arcgis\desktop10.8\ArcToolbox\Toolboxes\Data Management Tools.tbx\CalculateField" Date="20220826" Time="101536">CalculateField kyc_ken kyc_densit "[kyc_pop]/ [kyc_struct]" VB #</Process><Process ToolSource="c:\program files (x86)\arcgis\desktop10.8\ArcToolbox\Toolboxes\Data Management Tools.tbx\CalculateField" Date="20220826" Time="101642">CalculateField kyc_ken kyc_densit "" VB #</Process><Process ToolSource="c:\program files (x86)\arcgis\desktop10.8\ArcToolbox\Toolboxes\Data Management Tools.tbx\CalculateField" Date="20220826" Time="101943">CalculateField kyc_ken drt_cln "modified border to match imagery" VB #</Process><Process ToolSource="c:\program files (x86)\arcgis\desktop10.8\ArcToolbox\Toolboxes\Data Management Tools.tbx\CalculateField" Date="20220826" Time="233900">CalculateField nai_ken_drtcln1 drt_cln "modified boundary" VB #</Process></lineage></DataProperties></Esri></metadata>
