<?xml version="1.0" encoding="UTF-8"?>
<metadata xml:lang="en"><Esri><CreaDate>20211026</CreaDate><CreaTime>22173900</CreaTime><ArcGISFormat>1.0</ArcGISFormat><SyncOnce>FALSE</SyncOnce><DataProperties><itemProps><itemName Sync="TRUE">freetown_sierraleon</itemName><imsContentType Sync="TRUE">002</imsContentType><itemSize Sync="TRUE">0.000</itemSize><itemLocation><linkage Sync="TRUE">file://\\DESKTOP-7NESSPS\C$\Users\PC\Documents\ArcGIS\freetown_sierraleon.shp</linkage><protocol Sync="TRUE">Local Area Network</protocol></itemLocation></itemProps><coordRef><type Sync="TRUE">Geographic</type><geogcsn Sync="TRUE">GCS_WGS_1984</geogcsn><csUnits Sync="TRUE">Angular Unit: Degree (0.017453)</csUnits><peXml Sync="TRUE">&lt;GeographicCoordinateSystem xsi:type='typens:GeographicCoordinateSystem' xmlns:xsi='http://www.w3.org/2001/XMLSchema-instance' xmlns:xs='http://www.w3.org/2001/XMLSchema' xmlns:typens='http://www.esri.com/schemas/ArcGIS/10.8'&gt;&lt;WKT&gt;GEOGCS[&amp;quot;GCS_WGS_1984&amp;quot;,DATUM[&amp;quot;D_WGS_1984&amp;quot;,SPHEROID[&amp;quot;WGS_1984&amp;quot;,6378137.0,298.257223563]],PRIMEM[&amp;quot;Greenwich&amp;quot;,0.0],UNIT[&amp;quot;Degree&amp;quot;,0.0174532925199433],AUTHORITY[&amp;quot;EPSG&amp;quot;,4326]]&lt;/WKT&gt;&lt;XOrigin&gt;-400&lt;/XOrigin&gt;&lt;YOrigin&gt;-400&lt;/YOrigin&gt;&lt;XYScale&gt;11258999068426.238&lt;/XYScale&gt;&lt;ZOrigin&gt;-100000&lt;/ZOrigin&gt;&lt;ZScale&gt;10000&lt;/ZScale&gt;&lt;MOrigin&gt;-100000&lt;/MOrigin&gt;&lt;MScale&gt;10000&lt;/MScale&gt;&lt;XYTolerance&gt;8.983152841195215e-09&lt;/XYTolerance&gt;&lt;ZTolerance&gt;0.001&lt;/ZTolerance&gt;&lt;MTolerance&gt;0.001&lt;/MTolerance&gt;&lt;HighPrecision&gt;true&lt;/HighPrecision&gt;&lt;LeftLongitude&gt;-180&lt;/LeftLongitude&gt;&lt;WKID&gt;4326&lt;/WKID&gt;&lt;LatestWKID&gt;4326&lt;/LatestWKID&gt;&lt;/GeographicCoordinateSystem&gt;</peXml></coordRef><lineage><Process ToolSource="c:\program files (x86)\arcgis\desktop10.8\ArcToolbox\Toolboxes\Data Management Tools.tbx\Merge" Date="20211026" Time="221746">Merge 'Government Wharf36001_freetownSierra Leone';'Gray Bush36001_freetownSierra Leone';'Kamara Town36001_freetownSierra Leone';'Kanikay36001_freetownSierra Leone';'Kolleh Town off Ascencion Town36001_freetownSierra Leone';'Kroo Bay36001_freetownSierra Leone';'Mabella36001_freetownSierra Leone';'Madina36001_freetownSierra Leone';'Magazine Wharf36001_freetownSierra Leone';'Mamba ridge one36001_freetownSierra Leone';'Moa Wharf36001_freetownSierra Leone';'Aberdeen Crab Tong36001_freetownSierra Leone';'Banana water36001_freetownSierra Leone';'Bonzo36001_freetownSierra Leone';'Cassel Farm36001_freetownSierra Leone';'Chin-Chin36001_freetownSierra Leone';'Cold Water36001_freetownSierra Leone';'Congo Town Wharf36001_freetownSierra Leone';'Crab Town Lumley36001_freetownSierra Leone';'Dokortie36001_freetownSierra Leone';'Dworzark36001_freetownSierra Leone' C:\Users\PC\Documents\ArcGIS\freetown_sierraleon.shp "Country "Country" true true false 80 Text 0 0 ,First,#,Government Wharf36001_freetownSierra Leone,Country,-1,-1,Gray Bush36001_freetownSierra Leone,Country,-1,-1,Kamara Town36001_freetownSierra Leone,Country,-1,-1,Kanikay36001_freetownSierra Leone,Country,-1,-1,Kolleh Town off Ascencion Town36001_freetownSierra Leone,Country,-1,-1,Kroo Bay36001_freetownSierra Leone,Country,-1,-1,Mabella36001_freetownSierra Leone,Country,-1,-1,Madina36001_freetownSierra Leone,Country,-1,-1,Magazine Wharf36001_freetownSierra Leone,Country,-1,-1,Mamba ridge one36001_freetownSierra Leone,Country,-1,-1,Moa Wharf36001_freetownSierra Leone,Country,-1,-1,Aberdeen Crab Tong36001_freetownSierra Leone,Country,-1,-1,Banana water36001_freetownSierra Leone,Country,-1,-1,Bonzo36001_freetownSierra Leone,Country,-1,-1,Cassel Farm36001_freetownSierra Leone,Country,-1,-1,Chin-Chin36001_freetownSierra Leone,Country,-1,-1,Cold Water36001_freetownSierra Leone,Country,-1,-1,Congo Town Wharf36001_freetownSierra Leone,Country,-1,-1,Crab Town Lumley36001_freetownSierra Leone,Country,-1,-1,Dokortie36001_freetownSierra Leone,Country,-1,-1,Dworzark36001_freetownSierra Leone,Country,-1,-1;City "City" true true false 80 Text 0 0 ,First,#,Government Wharf36001_freetownSierra Leone,City,-1,-1,Gray Bush36001_freetownSierra Leone,City,-1,-1,Kamara Town36001_freetownSierra Leone,City,-1,-1,Kanikay36001_freetownSierra Leone,City,-1,-1,Kolleh Town off Ascencion Town36001_freetownSierra Leone,City,-1,-1,Kroo Bay36001_freetownSierra Leone,City,-1,-1,Mabella36001_freetownSierra Leone,City,-1,-1,Madina36001_freetownSierra Leone,City,-1,-1,Magazine Wharf36001_freetownSierra Leone,City,-1,-1,Mamba ridge one36001_freetownSierra Leone,City,-1,-1,Moa Wharf36001_freetownSierra Leone,City,-1,-1,Aberdeen Crab Tong36001_freetownSierra Leone,City,-1,-1,Banana water36001_freetownSierra Leone,City,-1,-1,Bonzo36001_freetownSierra Leone,City,-1,-1,Cassel Farm36001_freetownSierra Leone,City,-1,-1,Chin-Chin36001_freetownSierra Leone,City,-1,-1,Cold Water36001_freetownSierra Leone,City,-1,-1,Congo Town Wharf36001_freetownSierra Leone,City,-1,-1,Crab Town Lumley36001_freetownSierra Leone,City,-1,-1,Dokortie36001_freetownSierra Leone,City,-1,-1,Dworzark36001_freetownSierra Leone,City,-1,-1;Settlement "Settlement" true true false 80 Text 0 0 ,First,#,Government Wharf36001_freetownSierra Leone,Settlement,-1,-1,Gray Bush36001_freetownSierra Leone,Settlement,-1,-1,Kamara Town36001_freetownSierra Leone,Settlement,-1,-1,Kanikay36001_freetownSierra Leone,Settlement,-1,-1,Kolleh Town off Ascencion Town36001_freetownSierra Leone,Settlement,-1,-1,Kroo Bay36001_freetownSierra Leone,Settlement,-1,-1,Mabella36001_freetownSierra Leone,Settlement,-1,-1,Madina36001_freetownSierra Leone,Settlement,-1,-1,Magazine Wharf36001_freetownSierra Leone,Settlement,-1,-1,Mamba ridge one36001_freetownSierra Leone,Settlement,-1,-1,Moa Wharf36001_freetownSierra Leone,Settlement,-1,-1,Aberdeen Crab Tong36001_freetownSierra Leone,Settlement,-1,-1,Banana water36001_freetownSierra Leone,Settlement,-1,-1,Bonzo36001_freetownSierra Leone,Settlement,-1,-1,Cassel Farm36001_freetownSierra Leone,Settlement,-1,-1,Chin-Chin36001_freetownSierra Leone,Settlement,-1,-1,Cold Water36001_freetownSierra Leone,Settlement,-1,-1,Congo Town Wharf36001_freetownSierra Leone,Settlement,-1,-1,Crab Town Lumley36001_freetownSierra Leone,Settlement,-1,-1,Dokortie36001_freetownSierra Leone,Settlement,-1,-1,Dworzark36001_freetownSierra Leone,Settlement,-1,-1;Establishe "Establishe" true true false 80 Text 0 0 ,First,#,Government Wharf36001_freetownSierra Leone,Establishe,-1,-1,Gray Bush36001_freetownSierra Leone,Establishe,-1,-1,Kamara Town36001_freetownSierra Leone,Establishe,-1,-1,Kanikay36001_freetownSierra Leone,Establishe,-1,-1,Kolleh Town off Ascencion Town36001_freetownSierra Leone,Establishe,-1,-1,Kroo Bay36001_freetownSierra Leone,Establishe,-1,-1,Mabella36001_freetownSierra Leone,Establishe,-1,-1,Madina36001_freetownSierra Leone,Establishe,-1,-1,Magazine Wharf36001_freetownSierra Leone,Establishe,-1,-1,Mamba ridge one36001_freetownSierra Leone,Establishe,-1,-1,Moa Wharf36001_freetownSierra Leone,Establishe,-1,-1,Aberdeen Crab Tong36001_freetownSierra Leone,Establishe,-1,-1,Banana water36001_freetownSierra Leone,Establishe,-1,-1,Bonzo36001_freetownSierra Leone,Establishe,-1,-1,Cassel Farm36001_freetownSierra Leone,Establishe,-1,-1,Chin-Chin36001_freetownSierra Leone,Establishe,-1,-1,Cold Water36001_freetownSierra Leone,Establishe,-1,-1,Congo Town Wharf36001_freetownSierra Leone,Establishe,-1,-1,Crab Town Lumley36001_freetownSierra Leone,Establishe,-1,-1,Dokortie36001_freetownSierra Leone,Establishe,-1,-1,Dworzark36001_freetownSierra Leone,Establishe,-1,-1;Last_Updat "Last_Updat" true true false 80 Text 0 0 ,First,#,Government Wharf36001_freetownSierra Leone,Last Updat,-1,-1,Gray Bush36001_freetownSierra Leone,Last Updat,-1,-1,Kamara Town36001_freetownSierra Leone,Last Updat,-1,-1,Kanikay36001_freetownSierra Leone,Last Updat,-1,-1,Kolleh Town off Ascencion Town36001_freetownSierra Leone,Last Updat,-1,-1,Kroo Bay36001_freetownSierra Leone,Last Updat,-1,-1,Mabella36001_freetownSierra Leone,Last Updat,-1,-1,Madina36001_freetownSierra Leone,Last Updat,-1,-1,Magazine Wharf36001_freetownSierra Leone,Last Updat,-1,-1,Mamba ridge one36001_freetownSierra Leone,Last Updat,-1,-1,Moa Wharf36001_freetownSierra Leone,Last Updat,-1,-1,Aberdeen Crab Tong36001_freetownSierra Leone,Last Updat,-1,-1,Banana water36001_freetownSierra Leone,Last Updat,-1,-1,Bonzo36001_freetownSierra Leone,Last Updat,-1,-1,Cassel Farm36001_freetownSierra Leone,Last Updat,-1,-1,Chin-Chin36001_freetownSierra Leone,Last Updat,-1,-1,Cold Water36001_freetownSierra Leone,Last Updat,-1,-1,Congo Town Wharf36001_freetownSierra Leone,Last Updat,-1,-1,Crab Town Lumley36001_freetownSierra Leone,Last Updat,-1,-1,Dokortie36001_freetownSierra Leone,Last Updat,-1,-1,Dworzark36001_freetownSierra Leone,Last Updat,-1,-1;Population "Population" true true false 80 Text 0 0 ,First,#,Government Wharf36001_freetownSierra Leone,Population,-1,-1,Gray Bush36001_freetownSierra Leone,Population,-1,-1,Kamara Town36001_freetownSierra Leone,Population,-1,-1,Kanikay36001_freetownSierra Leone,Population,-1,-1,Kolleh Town off Ascencion Town36001_freetownSierra Leone,Population,-1,-1,Kroo Bay36001_freetownSierra Leone,Population,-1,-1,Mabella36001_freetownSierra Leone,Population,-1,-1,Madina36001_freetownSierra Leone,Population,-1,-1,Magazine Wharf36001_freetownSierra Leone,Population,-1,-1,Mamba ridge one36001_freetownSierra Leone,Population,-1,-1,Moa Wharf36001_freetownSierra Leone,Population,-1,-1,Aberdeen Crab Tong36001_freetownSierra Leone,Population,-1,-1,Banana water36001_freetownSierra Leone,Population,-1,-1,Bonzo36001_freetownSierra Leone,Population,-1,-1,Cassel Farm36001_freetownSierra Leone,Population,-1,-1,Chin-Chin36001_freetownSierra Leone,Population,-1,-1,Cold Water36001_freetownSierra Leone,Population,-1,-1,Congo Town Wharf36001_freetownSierra Leone,Population,-1,-1,Crab Town Lumley36001_freetownSierra Leone,Population,-1,-1,Dokortie36001_freetownSierra Leone,Population,-1,-1,Dworzark36001_freetownSierra Leone,Population,-1,-1;Structures "Structures" true true false 80 Text 0 0 ,First,#,Government Wharf36001_freetownSierra Leone,Structures,-1,-1,Gray Bush36001_freetownSierra Leone,Structures,-1,-1,Kamara Town36001_freetownSierra Leone,Structures,-1,-1,Kanikay36001_freetownSierra Leone,Structures,-1,-1,Kolleh Town off Ascencion Town36001_freetownSierra Leone,Structures,-1,-1,Kroo Bay36001_freetownSierra Leone,Structures,-1,-1,Mabella36001_freetownSierra Leone,Structures,-1,-1,Madina36001_freetownSierra Leone,Structures,-1,-1,Magazine Wharf36001_freetownSierra Leone,Structures,-1,-1,Mamba ridge one36001_freetownSierra Leone,Structures,-1,-1,Moa Wharf36001_freetownSierra Leone,Structures,-1,-1,Aberdeen Crab Tong36001_freetownSierra Leone,Structures,-1,-1,Banana water36001_freetownSierra Leone,Structures,-1,-1,Bonzo36001_freetownSierra Leone,Structures,-1,-1,Cassel Farm36001_freetownSierra Leone,Structures,-1,-1,Chin-Chin36001_freetownSierra Leone,Structures,-1,-1,Cold Water36001_freetownSierra Leone,Structures,-1,-1,Congo Town Wharf36001_freetownSierra Leone,Structures,-1,-1,Crab Town Lumley36001_freetownSierra Leone,Structures,-1,-1,Dokortie36001_freetownSierra Leone,Structures,-1,-1,Dworzark36001_freetownSierra Leone,Structures,-1,-1;url "url" true true false 80 Text 0 0 ,First,#,Government Wharf36001_freetownSierra Leone,url,-1,-1,Gray Bush36001_freetownSierra Leone,url,-1,-1,Kamara Town36001_freetownSierra Leone,url,-1,-1,Kanikay36001_freetownSierra Leone,url,-1,-1,Kolleh Town off Ascencion Town36001_freetownSierra Leone,url,-1,-1,Kroo Bay36001_freetownSierra Leone,url,-1,-1,Mabella36001_freetownSierra Leone,url,-1,-1,Madina36001_freetownSierra Leone,url,-1,-1,Magazine Wharf36001_freetownSierra Leone,url,-1,-1,Mamba ridge one36001_freetownSierra Leone,url,-1,-1,Moa Wharf36001_freetownSierra Leone,url,-1,-1,Aberdeen Crab Tong36001_freetownSierra Leone,url,-1,-1,Banana water36001_freetownSierra Leone,url,-1,-1,Bonzo36001_freetownSierra Leone,url,-1,-1,Cassel Farm36001_freetownSierra Leone,url,-1,-1,Chin-Chin36001_freetownSierra Leone,url,-1,-1,Cold Water36001_freetownSierra Leone,url,-1,-1,Congo Town Wharf36001_freetownSierra Leone,url,-1,-1,Crab Town Lumley36001_freetownSierra Leone,url,-1,-1,Dokortie36001_freetownSierra Leone,url,-1,-1,Dworzark36001_freetownSierra Leone,url,-1,-1"</Process></lineage></DataProperties><SyncDate>20211026</SyncDate><SyncTime>22173900</SyncTime><ModDate>20211026</ModDate><ModTime>22173900</ModTime></Esri><dataIdInfo><envirDesc Sync="TRUE"> Version 6.2 (Build 9200) ; Esri ArcGIS 10.8.1.14362</envirDesc><dataLang><languageCode value="eng" Sync="TRUE"></languageCode><countryCode value="USA" Sync="TRUE"></countryCode></dataLang><idCitation><resTitle Sync="TRUE">freetown_sierraleon</resTitle><presForm><PresFormCd value="005" Sync="TRUE"></PresFormCd></presForm></idCitation><spatRpType><SpatRepTypCd value="001" Sync="TRUE"></SpatRepTypCd></spatRpType></dataIdInfo><mdLang><languageCode value="eng" Sync="TRUE"></languageCode><countryCode value="USA" Sync="TRUE"></countryCode></mdLang><mdChar><CharSetCd value="004" Sync="TRUE"></CharSetCd></mdChar><distInfo><distFormat><formatName Sync="TRUE">Shapefile</formatName></distFormat><distTranOps><transSize Sync="TRUE">0.000</transSize></distTranOps></distInfo><mdHrLv><ScopeCd value="005" Sync="TRUE"></ScopeCd></mdHrLv><mdHrLvName Sync="TRUE">dataset</mdHrLvName><refSysInfo><RefSystem><refSysID><identCode code="4326" Sync="TRUE"></identCode><idCodeSpace Sync="TRUE">EPSG</idCodeSpace><idVersion Sync="TRUE">6.14(3.0.1)</idVersion></refSysID></RefSystem></refSysInfo><spatRepInfo><VectSpatRep><geometObjs Name="freetown_sierraleon"><geoObjTyp><GeoObjTypCd value="002" Sync="TRUE"></GeoObjTypCd></geoObjTyp><geoObjCnt Sync="TRUE">0</geoObjCnt></geometObjs><topLvl><TopoLevCd value="001" Sync="TRUE"></TopoLevCd></topLvl></VectSpatRep></spatRepInfo><spdoinfo><ptvctinf><esriterm Name="freetown_sierraleon"><efeatyp Sync="TRUE">Simple</efeatyp><efeageom code="4" Sync="TRUE"></efeageom><esritopo Sync="TRUE">FALSE</esritopo><efeacnt Sync="TRUE">0</efeacnt><spindex Sync="TRUE">FALSE</spindex><linrefer Sync="TRUE">FALSE</linrefer></esriterm></ptvctinf></spdoinfo><eainfo><detailed Name="freetown_sierraleon"><enttyp><enttypl Sync="TRUE">freetown_sierraleon</enttypl><enttypt Sync="TRUE">Feature Class</enttypt><enttypc Sync="TRUE">0</enttypc></enttyp><attr><attrlabl Sync="TRUE">FID</attrlabl><attalias Sync="TRUE">FID</attalias><attrtype Sync="TRUE">OID</attrtype><attwidth Sync="TRUE">4</attwidth><atprecis Sync="TRUE">0</atprecis><attscale Sync="TRUE">0</attscale><attrdef Sync="TRUE">Internal feature number.</attrdef><attrdefs Sync="TRUE">Esri</attrdefs><attrdomv><udom Sync="TRUE">Sequential unique whole numbers that are automatically generated.</udom></attrdomv></attr><attr><attrlabl Sync="TRUE">Shape</attrlabl><attalias Sync="TRUE">Shape</attalias><attrtype Sync="TRUE">Geometry</attrtype><attwidth Sync="TRUE">0</attwidth><atprecis Sync="TRUE">0</atprecis><attscale Sync="TRUE">0</attscale><attrdef Sync="TRUE">Feature geometry.</attrdef><attrdefs Sync="TRUE">Esri</attrdefs><attrdomv><udom Sync="TRUE">Coordinates defining the features.</udom></attrdomv></attr><attr><attrlabl Sync="TRUE">Country</attrlabl><attalias Sync="TRUE">Country</attalias><attrtype Sync="TRUE">String</attrtype><attwidth Sync="TRUE">80</attwidth><atprecis Sync="TRUE">0</atprecis><attscale Sync="TRUE">0</attscale></attr><attr><attrlabl Sync="TRUE">City</attrlabl><attalias Sync="TRUE">City</attalias><attrtype Sync="TRUE">String</attrtype><attwidth Sync="TRUE">80</attwidth><atprecis Sync="TRUE">0</atprecis><attscale Sync="TRUE">0</attscale></attr><attr><attrlabl Sync="TRUE">Settlement</attrlabl><attalias Sync="TRUE">Settlement</attalias><attrtype Sync="TRUE">String</attrtype><attwidth Sync="TRUE">80</attwidth><atprecis Sync="TRUE">0</atprecis><attscale Sync="TRUE">0</attscale></attr><attr><attrlabl Sync="TRUE">Establishe</attrlabl><attalias Sync="TRUE">Establishe</attalias><attrtype Sync="TRUE">String</attrtype><attwidth Sync="TRUE">80</attwidth><atprecis Sync="TRUE">0</atprecis><attscale Sync="TRUE">0</attscale></attr><attr><attrlabl Sync="TRUE">Last_Updat</attrlabl><attalias Sync="TRUE">Last_Updat</attalias><attrtype Sync="TRUE">String</attrtype><attwidth Sync="TRUE">80</attwidth><atprecis Sync="TRUE">0</atprecis><attscale Sync="TRUE">0</attscale></attr><attr><attrlabl Sync="TRUE">Population</attrlabl><attalias Sync="TRUE">Population</attalias><attrtype Sync="TRUE">String</attrtype><attwidth Sync="TRUE">80</attwidth><atprecis Sync="TRUE">0</atprecis><attscale Sync="TRUE">0</attscale></attr><attr><attrlabl Sync="TRUE">Structures</attrlabl><attalias Sync="TRUE">Structures</attalias><attrtype Sync="TRUE">String</attrtype><attwidth Sync="TRUE">80</attwidth><atprecis Sync="TRUE">0</atprecis><attscale Sync="TRUE">0</attscale></attr><attr><attrlabl Sync="TRUE">url</attrlabl><attalias Sync="TRUE">url</attalias><attrtype Sync="TRUE">String</attrtype><attwidth Sync="TRUE">80</attwidth><atprecis Sync="TRUE">0</atprecis><attscale Sync="TRUE">0</attscale></attr></detailed></eainfo><mdDateSt Sync="TRUE">20211026</mdDateSt></metadata>
