<?xml version="1.0" encoding="UTF-8"?>
<metadata xml:lang="en"><Esri><CreaDate>20211027</CreaDate><CreaTime>00361800</CreaTime><ArcGISFormat>1.0</ArcGISFormat><SyncOnce>FALSE</SyncOnce><DataProperties><itemProps><itemName Sync="TRUE">Malabon_Philippines_merge2</itemName><imsContentType Sync="TRUE">002</imsContentType><itemSize Sync="TRUE">0.000</itemSize><itemLocation><linkage Sync="TRUE">file://\\DESKTOP-7NESSPS\C$\Users\PC\Documents\ArcGIS\Malabon_Philippines_merge2.shp</linkage><protocol Sync="TRUE">Local Area Network</protocol></itemLocation></itemProps><coordRef><type Sync="TRUE">Geographic</type><geogcsn Sync="TRUE">GCS_WGS_1984</geogcsn><csUnits Sync="TRUE">Angular Unit: Degree (0.017453)</csUnits><peXml Sync="TRUE">&lt;GeographicCoordinateSystem xsi:type='typens:GeographicCoordinateSystem' xmlns:xsi='http://www.w3.org/2001/XMLSchema-instance' xmlns:xs='http://www.w3.org/2001/XMLSchema' xmlns:typens='http://www.esri.com/schemas/ArcGIS/10.8'&gt;&lt;WKT&gt;GEOGCS[&amp;quot;GCS_WGS_1984&amp;quot;,DATUM[&amp;quot;D_WGS_1984&amp;quot;,SPHEROID[&amp;quot;WGS_1984&amp;quot;,6378137.0,298.257223563]],PRIMEM[&amp;quot;Greenwich&amp;quot;,0.0],UNIT[&amp;quot;Degree&amp;quot;,0.0174532925199433],AUTHORITY[&amp;quot;EPSG&amp;quot;,4326]]&lt;/WKT&gt;&lt;XOrigin&gt;-400&lt;/XOrigin&gt;&lt;YOrigin&gt;-400&lt;/YOrigin&gt;&lt;XYScale&gt;11258999068426.238&lt;/XYScale&gt;&lt;ZOrigin&gt;-100000&lt;/ZOrigin&gt;&lt;ZScale&gt;10000&lt;/ZScale&gt;&lt;MOrigin&gt;-100000&lt;/MOrigin&gt;&lt;MScale&gt;10000&lt;/MScale&gt;&lt;XYTolerance&gt;8.983152841195215e-09&lt;/XYTolerance&gt;&lt;ZTolerance&gt;0.001&lt;/ZTolerance&gt;&lt;MTolerance&gt;0.001&lt;/MTolerance&gt;&lt;HighPrecision&gt;true&lt;/HighPrecision&gt;&lt;LeftLongitude&gt;-180&lt;/LeftLongitude&gt;&lt;WKID&gt;4326&lt;/WKID&gt;&lt;LatestWKID&gt;4326&lt;/LatestWKID&gt;&lt;/GeographicCoordinateSystem&gt;</peXml></coordRef><lineage><Process ToolSource="c:\program files (x86)\arcgis\desktop10.8\ArcToolbox\Toolboxes\Data Management Tools.tbx\Merge" Date="20211027" Time="003624">Merge "'Flordeliz Village Home Owner Association Ph 4MalabonPhilippines';'Flordeliz Village Homeowners Association Inc.MalabonPhilippines';'Former PPA-People's Power Assn. ( Manaca )MalabonPhilippines';'Green Meadow Homeowners AssociationMalabonPhilippines';'Gulayan CatmonMalabonPhilippines';'Gulayan Pilapil HOAMalabonPhilippines';'Kapisanang Diwa ng Mahihirap Inc.MalabonPhilippines';'LDS Pioneer Neighborhood Association Inc.MalabonPhilippines';'Letre Urban People's Association HOA Phase 1MalabonPhilippines';'Letre Urban People's Association HOA Phase 6MalabonPhilippines';'Litre Homeowners Paradise phase 2MalabonPhilippines';'Malabon Peoples Village Homeowners Association Phase 1MalabonPhilippines';'Malabon People's Village Phase 2 (MPV P2)MalabonPhilippines';'Ang Bagong Samahan Kapit BisigMalabonPhilippines';'Angela - 3 Home Owner AssociationMalabonPhilippines';'Catmon Pilapil Neighborhood Association Inc.MalabonPhilippines';'catmonville Homeowners AssociationMalabonPhilippines';'Cornillo Martinez Francisco NAMalabonPhilippines';'Damata KademaMalabonPhilippines';'DAMATA KADIMA (Sunrise View Housing Cooperative)MalabonPhilippines';'Flordeliz Vill Homeoners Association Phase 5MalabonPhilippines';'Flordeliz Village HOA Phase 1MalabonPhilippines';'Flordeliz Village HOA Phase 2MalabonPhilippines';'Flordeliz Village HOA Phase 6MalabonPhilippines';'Flordeliz Village HOA Phase 7MalabonPhilippines';'Flordeliz Village HOA Phase 8 (FLOVI 8 )MalabonPhilippines'" C:\Users\PC\Documents\ArcGIS\Malabon_Philippines_merge2.shp "Country "Country" true true false 80 Text 0 0 ,First,#,Flordeliz Village Home Owner Association Ph 4MalabonPhilippines,Country,-1,-1,Flordeliz Village Homeowners Association Inc.MalabonPhilippines,Country,-1,-1,Former PPA-People's Power Assn. ( Manaca )MalabonPhilippines,Country,-1,-1,Green Meadow Homeowners AssociationMalabonPhilippines,Country,-1,-1,Gulayan CatmonMalabonPhilippines,Country,-1,-1,Gulayan Pilapil HOAMalabonPhilippines,Country,-1,-1,Kapisanang Diwa ng Mahihirap Inc.MalabonPhilippines,Country,-1,-1,LDS Pioneer Neighborhood Association Inc.MalabonPhilippines,Country,-1,-1,Letre Urban People's Association HOA Phase 1MalabonPhilippines,Country,-1,-1,Letre Urban People's Association HOA Phase 6MalabonPhilippines,Country,-1,-1,Litre Homeowners Paradise phase 2MalabonPhilippines,Country,-1,-1,Malabon Peoples Village Homeowners Association Phase 1MalabonPhilippines,Country,-1,-1,Malabon People's Village Phase 2 (MPV P2)MalabonPhilippines,Country,-1,-1,Ang Bagong Samahan Kapit BisigMalabonPhilippines,Country,-1,-1,Angela - 3 Home Owner AssociationMalabonPhilippines,Country,-1,-1,Catmon Pilapil Neighborhood Association Inc.MalabonPhilippines,Country,-1,-1,catmonville Homeowners AssociationMalabonPhilippines,Country,-1,-1,Cornillo Martinez Francisco NAMalabonPhilippines,Country,-1,-1,Damata KademaMalabonPhilippines,Country,-1,-1,DAMATA KADIMA (Sunrise View Housing Cooperative)MalabonPhilippines,Country,-1,-1,Flordeliz Vill Homeoners Association Phase 5MalabonPhilippines,Country,-1,-1,Flordeliz Village HOA Phase 1MalabonPhilippines,Country,-1,-1,Flordeliz Village HOA Phase 2MalabonPhilippines,Country,-1,-1,Flordeliz Village HOA Phase 6MalabonPhilippines,Country,-1,-1,Flordeliz Village HOA Phase 7MalabonPhilippines,Country,-1,-1,Flordeliz Village HOA Phase 8 (FLOVI 8 )MalabonPhilippines,Country,-1,-1;City "City" true true false 80 Text 0 0 ,First,#,Flordeliz Village Home Owner Association Ph 4MalabonPhilippines,City,-1,-1,Flordeliz Village Homeowners Association Inc.MalabonPhilippines,City,-1,-1,Former PPA-People's Power Assn. ( Manaca )MalabonPhilippines,City,-1,-1,Green Meadow Homeowners AssociationMalabonPhilippines,City,-1,-1,Gulayan CatmonMalabonPhilippines,City,-1,-1,Gulayan Pilapil HOAMalabonPhilippines,City,-1,-1,Kapisanang Diwa ng Mahihirap Inc.MalabonPhilippines,City,-1,-1,LDS Pioneer Neighborhood Association Inc.MalabonPhilippines,City,-1,-1,Letre Urban People's Association HOA Phase 1MalabonPhilippines,City,-1,-1,Letre Urban People's Association HOA Phase 6MalabonPhilippines,City,-1,-1,Litre Homeowners Paradise phase 2MalabonPhilippines,City,-1,-1,Malabon Peoples Village Homeowners Association Phase 1MalabonPhilippines,City,-1,-1,Malabon People's Village Phase 2 (MPV P2)MalabonPhilippines,City,-1,-1,Ang Bagong Samahan Kapit BisigMalabonPhilippines,City,-1,-1,Angela - 3 Home Owner AssociationMalabonPhilippines,City,-1,-1,Catmon Pilapil Neighborhood Association Inc.MalabonPhilippines,City,-1,-1,catmonville Homeowners AssociationMalabonPhilippines,City,-1,-1,Cornillo Martinez Francisco NAMalabonPhilippines,City,-1,-1,Damata KademaMalabonPhilippines,City,-1,-1,DAMATA KADIMA (Sunrise View Housing Cooperative)MalabonPhilippines,City,-1,-1,Flordeliz Vill Homeoners Association Phase 5MalabonPhilippines,City,-1,-1,Flordeliz Village HOA Phase 1MalabonPhilippines,City,-1,-1,Flordeliz Village HOA Phase 2MalabonPhilippines,City,-1,-1,Flordeliz Village HOA Phase 6MalabonPhilippines,City,-1,-1,Flordeliz Village HOA Phase 7MalabonPhilippines,City,-1,-1,Flordeliz Village HOA Phase 8 (FLOVI 8 )MalabonPhilippines,City,-1,-1;Settlement "Settlement" true true false 80 Text 0 0 ,First,#,Flordeliz Village Home Owner Association Ph 4MalabonPhilippines,Settlement,-1,-1,Flordeliz Village Homeowners Association Inc.MalabonPhilippines,Settlement,-1,-1,Former PPA-People's Power Assn. ( Manaca )MalabonPhilippines,Settlement,-1,-1,Green Meadow Homeowners AssociationMalabonPhilippines,Settlement,-1,-1,Gulayan CatmonMalabonPhilippines,Settlement,-1,-1,Gulayan Pilapil HOAMalabonPhilippines,Settlement,-1,-1,Kapisanang Diwa ng Mahihirap Inc.MalabonPhilippines,Settlement,-1,-1,LDS Pioneer Neighborhood Association Inc.MalabonPhilippines,Settlement,-1,-1,Letre Urban People's Association HOA Phase 1MalabonPhilippines,Settlement,-1,-1,Letre Urban People's Association HOA Phase 6MalabonPhilippines,Settlement,-1,-1,Litre Homeowners Paradise phase 2MalabonPhilippines,Settlement,-1,-1,Malabon Peoples Village Homeowners Association Phase 1MalabonPhilippines,Settlement,-1,-1,Malabon People's Village Phase 2 (MPV P2)MalabonPhilippines,Settlement,-1,-1,Ang Bagong Samahan Kapit BisigMalabonPhilippines,Settlement,-1,-1,Angela - 3 Home Owner AssociationMalabonPhilippines,Settlement,-1,-1,Catmon Pilapil Neighborhood Association Inc.MalabonPhilippines,Settlement,-1,-1,catmonville Homeowners AssociationMalabonPhilippines,Settlement,-1,-1,Cornillo Martinez Francisco NAMalabonPhilippines,Settlement,-1,-1,Damata KademaMalabonPhilippines,Settlement,-1,-1,DAMATA KADIMA (Sunrise View Housing Cooperative)MalabonPhilippines,Settlement,-1,-1,Flordeliz Vill Homeoners Association Phase 5MalabonPhilippines,Settlement,-1,-1,Flordeliz Village HOA Phase 1MalabonPhilippines,Settlement,-1,-1,Flordeliz Village HOA Phase 2MalabonPhilippines,Settlement,-1,-1,Flordeliz Village HOA Phase 6MalabonPhilippines,Settlement,-1,-1,Flordeliz Village HOA Phase 7MalabonPhilippines,Settlement,-1,-1,Flordeliz Village HOA Phase 8 (FLOVI 8 )MalabonPhilippines,Settlement,-1,-1;Establishe "Establishe" true true false 80 Text 0 0 ,First,#,Flordeliz Village Home Owner Association Ph 4MalabonPhilippines,Establishe,-1,-1,Flordeliz Village Homeowners Association Inc.MalabonPhilippines,Establishe,-1,-1,Former PPA-People's Power Assn. ( Manaca )MalabonPhilippines,Establishe,-1,-1,Green Meadow Homeowners AssociationMalabonPhilippines,Establishe,-1,-1,Gulayan CatmonMalabonPhilippines,Establishe,-1,-1,Gulayan Pilapil HOAMalabonPhilippines,Establishe,-1,-1,Kapisanang Diwa ng Mahihirap Inc.MalabonPhilippines,Establishe,-1,-1,LDS Pioneer Neighborhood Association Inc.MalabonPhilippines,Establishe,-1,-1,Letre Urban People's Association HOA Phase 1MalabonPhilippines,Establishe,-1,-1,Letre Urban People's Association HOA Phase 6MalabonPhilippines,Establishe,-1,-1,Litre Homeowners Paradise phase 2MalabonPhilippines,Establishe,-1,-1,Malabon Peoples Village Homeowners Association Phase 1MalabonPhilippines,Establishe,-1,-1,Malabon People's Village Phase 2 (MPV P2)MalabonPhilippines,Establishe,-1,-1,Ang Bagong Samahan Kapit BisigMalabonPhilippines,Establishe,-1,-1,Angela - 3 Home Owner AssociationMalabonPhilippines,Establishe,-1,-1,Catmon Pilapil Neighborhood Association Inc.MalabonPhilippines,Establishe,-1,-1,catmonville Homeowners AssociationMalabonPhilippines,Establishe,-1,-1,Cornillo Martinez Francisco NAMalabonPhilippines,Establishe,-1,-1,Damata KademaMalabonPhilippines,Establishe,-1,-1,DAMATA KADIMA (Sunrise View Housing Cooperative)MalabonPhilippines,Establishe,-1,-1,Flordeliz Vill Homeoners Association Phase 5MalabonPhilippines,Establishe,-1,-1,Flordeliz Village HOA Phase 1MalabonPhilippines,Establishe,-1,-1,Flordeliz Village HOA Phase 2MalabonPhilippines,Establishe,-1,-1,Flordeliz Village HOA Phase 6MalabonPhilippines,Establishe,-1,-1,Flordeliz Village HOA Phase 7MalabonPhilippines,Establishe,-1,-1,Flordeliz Village HOA Phase 8 (FLOVI 8 )MalabonPhilippines,Establishe,-1,-1;Last_Updat "Last_Updat" true true false 80 Text 0 0 ,First,#,Flordeliz Village Home Owner Association Ph 4MalabonPhilippines,Last Updat,-1,-1,Flordeliz Village Homeowners Association Inc.MalabonPhilippines,Last Updat,-1,-1,Former PPA-People's Power Assn. ( Manaca )MalabonPhilippines,Last Updat,-1,-1,Green Meadow Homeowners AssociationMalabonPhilippines,Last Updat,-1,-1,Gulayan CatmonMalabonPhilippines,Last Updat,-1,-1,Gulayan Pilapil HOAMalabonPhilippines,Last Updat,-1,-1,Kapisanang Diwa ng Mahihirap Inc.MalabonPhilippines,Last Updat,-1,-1,LDS Pioneer Neighborhood Association Inc.MalabonPhilippines,Last Updat,-1,-1,Letre Urban People's Association HOA Phase 1MalabonPhilippines,Last Updat,-1,-1,Letre Urban People's Association HOA Phase 6MalabonPhilippines,Last Updat,-1,-1,Litre Homeowners Paradise phase 2MalabonPhilippines,Last Updat,-1,-1,Malabon Peoples Village Homeowners Association Phase 1MalabonPhilippines,Last Updat,-1,-1,Malabon People's Village Phase 2 (MPV P2)MalabonPhilippines,Last Updat,-1,-1,Ang Bagong Samahan Kapit BisigMalabonPhilippines,Last Updat,-1,-1,Angela - 3 Home Owner AssociationMalabonPhilippines,Last Updat,-1,-1,Catmon Pilapil Neighborhood Association Inc.MalabonPhilippines,Last Updat,-1,-1,catmonville Homeowners AssociationMalabonPhilippines,Last Updat,-1,-1,Cornillo Martinez Francisco NAMalabonPhilippines,Last Updat,-1,-1,Damata KademaMalabonPhilippines,Last Updat,-1,-1,DAMATA KADIMA (Sunrise View Housing Cooperative)MalabonPhilippines,Last Updat,-1,-1,Flordeliz Vill Homeoners Association Phase 5MalabonPhilippines,Last Updat,-1,-1,Flordeliz Village HOA Phase 1MalabonPhilippines,Last Updat,-1,-1,Flordeliz Village HOA Phase 2MalabonPhilippines,Last Updat,-1,-1,Flordeliz Village HOA Phase 6MalabonPhilippines,Last Updat,-1,-1,Flordeliz Village HOA Phase 7MalabonPhilippines,Last Updat,-1,-1,Flordeliz Village HOA Phase 8 (FLOVI 8 )MalabonPhilippines,Last Updat,-1,-1;Population "Population" true true false 80 Text 0 0 ,First,#,Flordeliz Village Home Owner Association Ph 4MalabonPhilippines,Population,-1,-1,Flordeliz Village Homeowners Association Inc.MalabonPhilippines,Population,-1,-1,Former PPA-People's Power Assn. ( Manaca )MalabonPhilippines,Population,-1,-1,Green Meadow Homeowners AssociationMalabonPhilippines,Population,-1,-1,Gulayan CatmonMalabonPhilippines,Population,-1,-1,Gulayan Pilapil HOAMalabonPhilippines,Population,-1,-1,Kapisanang Diwa ng Mahihirap Inc.MalabonPhilippines,Population,-1,-1,LDS Pioneer Neighborhood Association Inc.MalabonPhilippines,Population,-1,-1,Letre Urban People's Association HOA Phase 1MalabonPhilippines,Population,-1,-1,Letre Urban People's Association HOA Phase 6MalabonPhilippines,Population,-1,-1,Litre Homeowners Paradise phase 2MalabonPhilippines,Population,-1,-1,Malabon Peoples Village Homeowners Association Phase 1MalabonPhilippines,Population,-1,-1,Malabon People's Village Phase 2 (MPV P2)MalabonPhilippines,Population,-1,-1,Ang Bagong Samahan Kapit BisigMalabonPhilippines,Population,-1,-1,Angela - 3 Home Owner AssociationMalabonPhilippines,Population,-1,-1,Catmon Pilapil Neighborhood Association Inc.MalabonPhilippines,Population,-1,-1,catmonville Homeowners AssociationMalabonPhilippines,Population,-1,-1,Cornillo Martinez Francisco NAMalabonPhilippines,Population,-1,-1,Damata KademaMalabonPhilippines,Population,-1,-1,DAMATA KADIMA (Sunrise View Housing Cooperative)MalabonPhilippines,Population,-1,-1,Flordeliz Vill Homeoners Association Phase 5MalabonPhilippines,Population,-1,-1,Flordeliz Village HOA Phase 1MalabonPhilippines,Population,-1,-1,Flordeliz Village HOA Phase 2MalabonPhilippines,Population,-1,-1,Flordeliz Village HOA Phase 6MalabonPhilippines,Population,-1,-1,Flordeliz Village HOA Phase 7MalabonPhilippines,Population,-1,-1,Flordeliz Village HOA Phase 8 (FLOVI 8 )MalabonPhilippines,Population,-1,-1;Structures "Structures" true true false 80 Text 0 0 ,First,#,Flordeliz Village Home Owner Association Ph 4MalabonPhilippines,Structures,-1,-1,Flordeliz Village Homeowners Association Inc.MalabonPhilippines,Structures,-1,-1,Former PPA-People's Power Assn. ( Manaca )MalabonPhilippines,Structures,-1,-1,Green Meadow Homeowners AssociationMalabonPhilippines,Structures,-1,-1,Gulayan CatmonMalabonPhilippines,Structures,-1,-1,Gulayan Pilapil HOAMalabonPhilippines,Structures,-1,-1,Kapisanang Diwa ng Mahihirap Inc.MalabonPhilippines,Structures,-1,-1,LDS Pioneer Neighborhood Association Inc.MalabonPhilippines,Structures,-1,-1,Letre Urban People's Association HOA Phase 1MalabonPhilippines,Structures,-1,-1,Letre Urban People's Association HOA Phase 6MalabonPhilippines,Structures,-1,-1,Litre Homeowners Paradise phase 2MalabonPhilippines,Structures,-1,-1,Malabon Peoples Village Homeowners Association Phase 1MalabonPhilippines,Structures,-1,-1,Malabon People's Village Phase 2 (MPV P2)MalabonPhilippines,Structures,-1,-1,Ang Bagong Samahan Kapit BisigMalabonPhilippines,Structures,-1,-1,Angela - 3 Home Owner AssociationMalabonPhilippines,Structures,-1,-1,Catmon Pilapil Neighborhood Association Inc.MalabonPhilippines,Structures,-1,-1,catmonville Homeowners AssociationMalabonPhilippines,Structures,-1,-1,Cornillo Martinez Francisco NAMalabonPhilippines,Structures,-1,-1,Damata KademaMalabonPhilippines,Structures,-1,-1,DAMATA KADIMA (Sunrise View Housing Cooperative)MalabonPhilippines,Structures,-1,-1,Flordeliz Vill Homeoners Association Phase 5MalabonPhilippines,Structures,-1,-1,Flordeliz Village HOA Phase 1MalabonPhilippines,Structures,-1,-1,Flordeliz Village HOA Phase 2MalabonPhilippines,Structures,-1,-1,Flordeliz Village HOA Phase 6MalabonPhilippines,Structures,-1,-1,Flordeliz Village HOA Phase 7MalabonPhilippines,Structures,-1,-1,Flordeliz Village HOA Phase 8 (FLOVI 8 )MalabonPhilippines,Structures,-1,-1;url "url" true true false 80 Text 0 0 ,First,#,Flordeliz Village Home Owner Association Ph 4MalabonPhilippines,url,-1,-1,Flordeliz Village Homeowners Association Inc.MalabonPhilippines,url,-1,-1,Former PPA-People's Power Assn. ( Manaca )MalabonPhilippines,url,-1,-1,Green Meadow Homeowners AssociationMalabonPhilippines,url,-1,-1,Gulayan CatmonMalabonPhilippines,url,-1,-1,Gulayan Pilapil HOAMalabonPhilippines,url,-1,-1,Kapisanang Diwa ng Mahihirap Inc.MalabonPhilippines,url,-1,-1,LDS Pioneer Neighborhood Association Inc.MalabonPhilippines,url,-1,-1,Letre Urban People's Association HOA Phase 1MalabonPhilippines,url,-1,-1,Letre Urban People's Association HOA Phase 6MalabonPhilippines,url,-1,-1,Litre Homeowners Paradise phase 2MalabonPhilippines,url,-1,-1,Malabon Peoples Village Homeowners Association Phase 1MalabonPhilippines,url,-1,-1,Malabon People's Village Phase 2 (MPV P2)MalabonPhilippines,url,-1,-1,Ang Bagong Samahan Kapit BisigMalabonPhilippines,url,-1,-1,Angela - 3 Home Owner AssociationMalabonPhilippines,url,-1,-1,Catmon Pilapil Neighborhood Association Inc.MalabonPhilippines,url,-1,-1,catmonville Homeowners AssociationMalabonPhilippines,url,-1,-1,Cornillo Martinez Francisco NAMalabonPhilippines,url,-1,-1,Damata KademaMalabonPhilippines,url,-1,-1,DAMATA KADIMA (Sunrise View Housing Cooperative)MalabonPhilippines,url,-1,-1,Flordeliz Vill Homeoners Association Phase 5MalabonPhilippines,url,-1,-1,Flordeliz Village HOA Phase 1MalabonPhilippines,url,-1,-1,Flordeliz Village HOA Phase 2MalabonPhilippines,url,-1,-1,Flordeliz Village HOA Phase 6MalabonPhilippines,url,-1,-1,Flordeliz Village HOA Phase 7MalabonPhilippines,url,-1,-1,Flordeliz Village HOA Phase 8 (FLOVI 8 )MalabonPhilippines,url,-1,-1"</Process></lineage></DataProperties><SyncDate>20211027</SyncDate><SyncTime>00361800</SyncTime><ModDate>20211027</ModDate><ModTime>00361800</ModTime></Esri><dataIdInfo><envirDesc Sync="TRUE"> Version 6.2 (Build 9200) ; Esri ArcGIS 10.8.1.14362</envirDesc><dataLang><languageCode value="eng" Sync="TRUE"></languageCode><countryCode value="USA" Sync="TRUE"></countryCode></dataLang><idCitation><resTitle Sync="TRUE">Malabon_Philippines_merge2</resTitle><presForm><PresFormCd value="005" Sync="TRUE"></PresFormCd></presForm></idCitation><spatRpType><SpatRepTypCd value="001" Sync="TRUE"></SpatRepTypCd></spatRpType></dataIdInfo><mdLang><languageCode value="eng" Sync="TRUE"></languageCode><countryCode value="USA" Sync="TRUE"></countryCode></mdLang><mdChar><CharSetCd value="004" Sync="TRUE"></CharSetCd></mdChar><distInfo><distFormat><formatName Sync="TRUE">Shapefile</formatName></distFormat><distTranOps><transSize Sync="TRUE">0.000</transSize></distTranOps></distInfo><mdHrLv><ScopeCd value="005" Sync="TRUE"></ScopeCd></mdHrLv><mdHrLvName Sync="TRUE">dataset</mdHrLvName><refSysInfo><RefSystem><refSysID><identCode code="4326" Sync="TRUE"></identCode><idCodeSpace Sync="TRUE">EPSG</idCodeSpace><idVersion Sync="TRUE">6.14(3.0.1)</idVersion></refSysID></RefSystem></refSysInfo><spatRepInfo><VectSpatRep><geometObjs Name="Malabon_Philippines_merge2"><geoObjTyp><GeoObjTypCd value="002" Sync="TRUE"></GeoObjTypCd></geoObjTyp><geoObjCnt Sync="TRUE">0</geoObjCnt></geometObjs><topLvl><TopoLevCd value="001" Sync="TRUE"></TopoLevCd></topLvl></VectSpatRep></spatRepInfo><spdoinfo><ptvctinf><esriterm Name="Malabon_Philippines_merge2"><efeatyp Sync="TRUE">Simple</efeatyp><efeageom code="4" Sync="TRUE"></efeageom><esritopo Sync="TRUE">FALSE</esritopo><efeacnt Sync="TRUE">0</efeacnt><spindex Sync="TRUE">FALSE</spindex><linrefer Sync="TRUE">FALSE</linrefer></esriterm></ptvctinf></spdoinfo><eainfo><detailed Name="Malabon_Philippines_merge2"><enttyp><enttypl Sync="TRUE">Malabon_Philippines_merge2</enttypl><enttypt Sync="TRUE">Feature Class</enttypt><enttypc Sync="TRUE">0</enttypc></enttyp><attr><attrlabl Sync="TRUE">FID</attrlabl><attalias Sync="TRUE">FID</attalias><attrtype Sync="TRUE">OID</attrtype><attwidth Sync="TRUE">4</attwidth><atprecis Sync="TRUE">0</atprecis><attscale Sync="TRUE">0</attscale><attrdef Sync="TRUE">Internal feature number.</attrdef><attrdefs Sync="TRUE">Esri</attrdefs><attrdomv><udom Sync="TRUE">Sequential unique whole numbers that are automatically generated.</udom></attrdomv></attr><attr><attrlabl Sync="TRUE">Shape</attrlabl><attalias Sync="TRUE">Shape</attalias><attrtype Sync="TRUE">Geometry</attrtype><attwidth Sync="TRUE">0</attwidth><atprecis Sync="TRUE">0</atprecis><attscale Sync="TRUE">0</attscale><attrdef Sync="TRUE">Feature geometry.</attrdef><attrdefs Sync="TRUE">Esri</attrdefs><attrdomv><udom Sync="TRUE">Coordinates defining the features.</udom></attrdomv></attr><attr><attrlabl Sync="TRUE">Country</attrlabl><attalias Sync="TRUE">Country</attalias><attrtype Sync="TRUE">String</attrtype><attwidth Sync="TRUE">80</attwidth><atprecis Sync="TRUE">0</atprecis><attscale Sync="TRUE">0</attscale></attr><attr><attrlabl Sync="TRUE">City</attrlabl><attalias Sync="TRUE">City</attalias><attrtype Sync="TRUE">String</attrtype><attwidth Sync="TRUE">80</attwidth><atprecis Sync="TRUE">0</atprecis><attscale Sync="TRUE">0</attscale></attr><attr><attrlabl Sync="TRUE">Settlement</attrlabl><attalias Sync="TRUE">Settlement</attalias><attrtype Sync="TRUE">String</attrtype><attwidth Sync="TRUE">80</attwidth><atprecis Sync="TRUE">0</atprecis><attscale Sync="TRUE">0</attscale></attr><attr><attrlabl Sync="TRUE">Establishe</attrlabl><attalias Sync="TRUE">Establishe</attalias><attrtype Sync="TRUE">String</attrtype><attwidth Sync="TRUE">80</attwidth><atprecis Sync="TRUE">0</atprecis><attscale Sync="TRUE">0</attscale></attr><attr><attrlabl Sync="TRUE">Last_Updat</attrlabl><attalias Sync="TRUE">Last_Updat</attalias><attrtype Sync="TRUE">String</attrtype><attwidth Sync="TRUE">80</attwidth><atprecis Sync="TRUE">0</atprecis><attscale Sync="TRUE">0</attscale></attr><attr><attrlabl Sync="TRUE">Population</attrlabl><attalias Sync="TRUE">Population</attalias><attrtype Sync="TRUE">String</attrtype><attwidth Sync="TRUE">80</attwidth><atprecis Sync="TRUE">0</atprecis><attscale Sync="TRUE">0</attscale></attr><attr><attrlabl Sync="TRUE">Structures</attrlabl><attalias Sync="TRUE">Structures</attalias><attrtype Sync="TRUE">String</attrtype><attwidth Sync="TRUE">80</attwidth><atprecis Sync="TRUE">0</atprecis><attscale Sync="TRUE">0</attscale></attr><attr><attrlabl Sync="TRUE">url</attrlabl><attalias Sync="TRUE">url</attalias><attrtype Sync="TRUE">String</attrtype><attwidth Sync="TRUE">80</attwidth><atprecis Sync="TRUE">0</atprecis><attscale Sync="TRUE">0</attscale></attr></detailed></eainfo><mdDateSt Sync="TRUE">20211027</mdDateSt></metadata>
