<?xml version="1.0" encoding="UTF-8"?>
<metadata xml:lang="en"><Esri><CreaDate>20220829</CreaDate><CreaTime>23450900</CreaTime><ArcGISFormat>1.0</ArcGISFormat><SyncOnce>TRUE</SyncOnce><DataProperties><lineage><Process ToolSource="c:\program files (x86)\arcgis\desktop10.8\ArcToolbox\Toolboxes\Data Management Tools.tbx\CalculateField" Date="20220108" Time="191746">CalculateField DavaoPhilippines_Merge_clean Population str( !Population! ).replace(',', '')
 PYTHON_9.3 #</Process><Process ToolSource="c:\program files (x86)\arcgis\desktop10.8\ArcToolbox\Toolboxes\Data Management Tools.tbx\CalculateField" Date="20220108" Time="191846">CalculateField DavaoPhilippines_Merge_clean pop !Population! PYTHON_9.3 #</Process><Process ToolSource="c:\program files (x86)\arcgis\desktop10.8\ArcToolbox\Toolboxes\Data Management Tools.tbx\CalculateField" Date="20220210" Time="225738">CalculateField DavaoPhilippines_Merge_clean Id [FID]+1
 VB #</Process><Process ToolSource="c:\program files (x86)\arcgis\desktop10.8\ArcToolbox\Toolboxes\Data Management Tools.tbx\CalculateField" Date="20220210" Time="230430">CalculateField DavaoPhilippines_Merge_clean kyc_year str(!Last_Updat!).rpartition('-')[2]
 PYTHON_9.3 #</Process><Process ToolSource="c:\program files (x86)\arcgis\desktop10.8\ArcToolbox\Toolboxes\Data Management Tools.tbx\CalculateField" Date="20220826" Time="122916">CalculateField kyc_phi_davao drt_cln "drop - pop unrealistic in historical google imagery" VB #</Process><Process ToolSource="c:\program files (x86)\arcgis\desktop10.8\ArcToolbox\Toolboxes\Data Management Tools.tbx\CalculateField" Date="20220826" Time="123446">CalculateField kyc_phi_davao drt_cln "drop - very tiny micro slums" VB #</Process><Process ToolSource="c:\program files (x86)\arcgis\desktop10.8\ArcToolbox\Toolboxes\Data Management Tools.tbx\CalculateField" Date="20220826" Time="123613">CalculateField kyc_phi_davao drt_cln "modified boundary" VB #</Process><Process ToolSource="c:\program files (x86)\arcgis\desktop10.8\ArcToolbox\Toolboxes\Data Management Tools.tbx\CalculateField" Date="20220826" Time="143351">CalculateField kyc_phi_davao drt_cln "" VB #</Process></lineage></DataProperties></Esri></metadata>
