<?xml version="1.0" encoding="UTF-8"?>
<metadata xml:lang="en"><Esri><CreaDate>20220829</CreaDate><CreaTime>13524000</CreaTime><ArcGISFormat>1.0</ArcGISFormat><SyncOnce>TRUE</SyncOnce><DataProperties><lineage><Process ToolSource="c:\program files (x86)\arcgis\desktop10.8\ArcToolbox\Toolboxes\Data Management Tools.tbx\CalculateField" Date="20211210" Time="160308">CalculateField "Accra_Ghana_Merge - Copy - Copy (2)" Population str( !Population! ).replace(',', '') PYTHON_9.3 #</Process><Process ToolSource="c:\program files (x86)\arcgis\desktop10.8\ArcToolbox\Toolboxes\Data Management Tools.tbx\CalculateField" Date="20211210" Time="160400">CalculateField "Accra_Ghana_Merge - Copy - Copy (2)" Population float( !Population! ) PYTHON_9.3 #</Process><Process ToolSource="c:\program files (x86)\arcgis\desktop10.8\ArcToolbox\Toolboxes\Data Management Tools.tbx\CalculateField" Date="20211210" Time="160809">CalculateField "Accra_Ghana_Merge - Copy - Copy (2)" Shape_Leng !Population! PYTHON_9.3 #</Process></lineage></DataProperties></Esri></metadata>
