<?xml version="1.0" encoding="UTF-8"?>
<metadata xml:lang="en"><Esri><CreaDate>20201218</CreaDate><CreaTime>12250200</CreaTime><ArcGISFormat>1.0</ArcGISFormat><SyncOnce>TRUE</SyncOnce><DataProperties><lineage><Process ToolSource="c:\program files (x86)\arcgis\desktop10.6\ArcToolbox\Toolboxes\Data Management Tools.tbx\CalculateField" Date="20201115" Time="125146">CalculateField kyc_digit_drt2 kyc_pop [Estimated] VB #</Process><Process ToolSource="c:\program files (x86)\arcgis\desktop10.6\ArcToolbox\Toolboxes\Data Management Tools.tbx\CalculateField" Date="20201115" Time="125209">CalculateField kyc_digit_drt2 kyc_area "[Area_size] " VB #</Process><Process ToolSource="c:\program files (x86)\arcgis\desktop10.6\ArcToolbox\Toolboxes\Data Management Tools.tbx\CalculateField" Date="20201115" Time="125237">CalculateField kyc_digit_drt2 kyc_densit [Estimate_1] VB #</Process><Process ToolSource="c:\program files (x86)\arcgis\desktop10.6\ArcToolbox\Toolboxes\Data Management Tools.tbx\CalculateField" Date="20201115" Time="125254">CalculateField kyc_digit_drt2 kyc_struct [Estimate_2] VB #</Process></lineage></DataProperties></Esri></metadata>
