<?xml version="1.0" encoding="UTF-8"?>
<metadata xml:lang="en"><Esri><CreaDate>20211026</CreaDate><CreaTime>23555100</CreaTime><ArcGISFormat>1.0</ArcGISFormat><SyncOnce>FALSE</SyncOnce><DataProperties><itemProps><itemName Sync="TRUE">LusakaZambia_Merge</itemName><imsContentType Sync="TRUE">002</imsContentType><itemSize Sync="TRUE">0.000</itemSize><itemLocation><linkage Sync="TRUE">file://\\DESKTOP-7NESSPS\C$\Users\PC\Documents\ArcGIS\LusakaZambia_Merge.shp</linkage><protocol Sync="TRUE">Local Area Network</protocol></itemLocation></itemProps><coordRef><type Sync="TRUE">Geographic</type><geogcsn Sync="TRUE">GCS_WGS_1984</geogcsn><csUnits Sync="TRUE">Angular Unit: Degree (0.017453)</csUnits><peXml Sync="TRUE">&lt;GeographicCoordinateSystem xsi:type='typens:GeographicCoordinateSystem' xmlns:xsi='http://www.w3.org/2001/XMLSchema-instance' xmlns:xs='http://www.w3.org/2001/XMLSchema' xmlns:typens='http://www.esri.com/schemas/ArcGIS/10.8'&gt;&lt;WKT&gt;GEOGCS[&amp;quot;GCS_WGS_1984&amp;quot;,DATUM[&amp;quot;D_WGS_1984&amp;quot;,SPHEROID[&amp;quot;WGS_1984&amp;quot;,6378137.0,298.257223563]],PRIMEM[&amp;quot;Greenwich&amp;quot;,0.0],UNIT[&amp;quot;Degree&amp;quot;,0.0174532925199433],AUTHORITY[&amp;quot;EPSG&amp;quot;,4326]]&lt;/WKT&gt;&lt;XOrigin&gt;-400&lt;/XOrigin&gt;&lt;YOrigin&gt;-400&lt;/YOrigin&gt;&lt;XYScale&gt;11258999068426.238&lt;/XYScale&gt;&lt;ZOrigin&gt;-100000&lt;/ZOrigin&gt;&lt;ZScale&gt;10000&lt;/ZScale&gt;&lt;MOrigin&gt;-100000&lt;/MOrigin&gt;&lt;MScale&gt;10000&lt;/MScale&gt;&lt;XYTolerance&gt;8.983152841195215e-09&lt;/XYTolerance&gt;&lt;ZTolerance&gt;0.001&lt;/ZTolerance&gt;&lt;MTolerance&gt;0.001&lt;/MTolerance&gt;&lt;HighPrecision&gt;true&lt;/HighPrecision&gt;&lt;LeftLongitude&gt;-180&lt;/LeftLongitude&gt;&lt;WKID&gt;4326&lt;/WKID&gt;&lt;LatestWKID&gt;4326&lt;/LatestWKID&gt;&lt;/GeographicCoordinateSystem&gt;</peXml></coordRef><lineage><Process ToolSource="c:\program files (x86)\arcgis\desktop10.8\ArcToolbox\Toolboxes\Data Management Tools.tbx\Merge" Date="20211026" Time="235613">Merge ChisakaLusakaZambia;CHUNGALusakaZambia;desaiLusakaZambia;'Garden HouseLusakaZambia';GeorgeLusakaZambia;KaputulaLusakaZambia;KashetaLusakaZambia;LilandaLusakaZambia;LupakaLusakaZambia;MisisiLusakaZambia;BulemuLusakaZambia;ChawamaLusakaZambia;Chinika,kumalata,lime,policeLusakaZambia;ChipembeLusakaZambia C:\Users\PC\Documents\ArcGIS\LusakaZambia_Merge.shp "Country "Country" true true false 80 Text 0 0 ,First,#,ChisakaLusakaZambia,Country,-1,-1,CHUNGALusakaZambia,Country,-1,-1,desaiLusakaZambia,Country,-1,-1,Garden HouseLusakaZambia,Country,-1,-1,GeorgeLusakaZambia,Country,-1,-1,KaputulaLusakaZambia,Country,-1,-1,KashetaLusakaZambia,Country,-1,-1,LilandaLusakaZambia,Country,-1,-1,LupakaLusakaZambia,Country,-1,-1,MisisiLusakaZambia,Country,-1,-1,BulemuLusakaZambia,Country,-1,-1,ChawamaLusakaZambia,Country,-1,-1,Chinika,kumalata,lime,policeLusakaZambia,Country,-1,-1,ChipembeLusakaZambia,Country,-1,-1;City "City" true true false 80 Text 0 0 ,First,#,ChisakaLusakaZambia,City,-1,-1,CHUNGALusakaZambia,City,-1,-1,desaiLusakaZambia,City,-1,-1,Garden HouseLusakaZambia,City,-1,-1,GeorgeLusakaZambia,City,-1,-1,KaputulaLusakaZambia,City,-1,-1,KashetaLusakaZambia,City,-1,-1,LilandaLusakaZambia,City,-1,-1,LupakaLusakaZambia,City,-1,-1,MisisiLusakaZambia,City,-1,-1,BulemuLusakaZambia,City,-1,-1,ChawamaLusakaZambia,City,-1,-1,Chinika,kumalata,lime,policeLusakaZambia,City,-1,-1,ChipembeLusakaZambia,City,-1,-1;Settlement "Settlement" true true false 80 Text 0 0 ,First,#,ChisakaLusakaZambia,Settlement,-1,-1,CHUNGALusakaZambia,Settlement,-1,-1,desaiLusakaZambia,Settlement,-1,-1,Garden HouseLusakaZambia,Settlement,-1,-1,GeorgeLusakaZambia,Settlement,-1,-1,KaputulaLusakaZambia,Settlement,-1,-1,KashetaLusakaZambia,Settlement,-1,-1,LilandaLusakaZambia,Settlement,-1,-1,LupakaLusakaZambia,Settlement,-1,-1,MisisiLusakaZambia,Settlement,-1,-1,BulemuLusakaZambia,Settlement,-1,-1,ChawamaLusakaZambia,Settlement,-1,-1,Chinika,kumalata,lime,policeLusakaZambia,Settlement,-1,-1,ChipembeLusakaZambia,Settlement,-1,-1;Establishe "Establishe" true true false 80 Text 0 0 ,First,#,ChisakaLusakaZambia,Establishe,-1,-1,CHUNGALusakaZambia,Establishe,-1,-1,desaiLusakaZambia,Establishe,-1,-1,Garden HouseLusakaZambia,Establishe,-1,-1,GeorgeLusakaZambia,Establishe,-1,-1,KaputulaLusakaZambia,Establishe,-1,-1,KashetaLusakaZambia,Establishe,-1,-1,LilandaLusakaZambia,Establishe,-1,-1,LupakaLusakaZambia,Establishe,-1,-1,MisisiLusakaZambia,Establishe,-1,-1,BulemuLusakaZambia,Establishe,-1,-1,ChawamaLusakaZambia,Establishe,-1,-1,Chinika,kumalata,lime,policeLusakaZambia,Establishe,-1,-1,ChipembeLusakaZambia,Establishe,-1,-1;Last_Updat "Last_Updat" true true false 80 Text 0 0 ,First,#,ChisakaLusakaZambia,Last Updat,-1,-1,CHUNGALusakaZambia,Last Updat,-1,-1,desaiLusakaZambia,Last Updat,-1,-1,Garden HouseLusakaZambia,Last Updat,-1,-1,GeorgeLusakaZambia,Last Updat,-1,-1,KaputulaLusakaZambia,Last Updat,-1,-1,KashetaLusakaZambia,Last Updat,-1,-1,LilandaLusakaZambia,Last Updat,-1,-1,LupakaLusakaZambia,Last Updat,-1,-1,MisisiLusakaZambia,Last Updat,-1,-1,BulemuLusakaZambia,Last Updat,-1,-1,ChawamaLusakaZambia,Last Updat,-1,-1,Chinika,kumalata,lime,policeLusakaZambia,Last Updat,-1,-1,ChipembeLusakaZambia,Last Updat,-1,-1;Population "Population" true true false 80 Text 0 0 ,First,#,ChisakaLusakaZambia,Population,-1,-1,CHUNGALusakaZambia,Population,-1,-1,desaiLusakaZambia,Population,-1,-1,Garden HouseLusakaZambia,Population,-1,-1,GeorgeLusakaZambia,Population,-1,-1,KaputulaLusakaZambia,Population,-1,-1,KashetaLusakaZambia,Population,-1,-1,LilandaLusakaZambia,Population,-1,-1,LupakaLusakaZambia,Population,-1,-1,MisisiLusakaZambia,Population,-1,-1,BulemuLusakaZambia,Population,-1,-1,ChawamaLusakaZambia,Population,-1,-1,Chinika,kumalata,lime,policeLusakaZambia,Population,-1,-1,ChipembeLusakaZambia,Population,-1,-1;Structures "Structures" true true false 80 Text 0 0 ,First,#,ChisakaLusakaZambia,Structures,-1,-1,CHUNGALusakaZambia,Structures,-1,-1,desaiLusakaZambia,Structures,-1,-1,Garden HouseLusakaZambia,Structures,-1,-1,GeorgeLusakaZambia,Structures,-1,-1,KaputulaLusakaZambia,Structures,-1,-1,KashetaLusakaZambia,Structures,-1,-1,LilandaLusakaZambia,Structures,-1,-1,LupakaLusakaZambia,Structures,-1,-1,MisisiLusakaZambia,Structures,-1,-1,BulemuLusakaZambia,Structures,-1,-1,ChawamaLusakaZambia,Structures,-1,-1,Chinika,kumalata,lime,policeLusakaZambia,Structures,-1,-1,ChipembeLusakaZambia,Structures,-1,-1;url "url" true true false 80 Text 0 0 ,First,#,ChisakaLusakaZambia,url,-1,-1,CHUNGALusakaZambia,url,-1,-1,desaiLusakaZambia,url,-1,-1,Garden HouseLusakaZambia,url,-1,-1,GeorgeLusakaZambia,url,-1,-1,KaputulaLusakaZambia,url,-1,-1,KashetaLusakaZambia,url,-1,-1,LilandaLusakaZambia,url,-1,-1,LupakaLusakaZambia,url,-1,-1,MisisiLusakaZambia,url,-1,-1,BulemuLusakaZambia,url,-1,-1,ChawamaLusakaZambia,url,-1,-1,Chinika,kumalata,lime,policeLusakaZambia,url,-1,-1,ChipembeLusakaZambia,url,-1,-1"</Process></lineage></DataProperties><SyncDate>20211026</SyncDate><SyncTime>23555100</SyncTime><ModDate>20211026</ModDate><ModTime>23555100</ModTime></Esri><dataIdInfo><envirDesc Sync="TRUE"> Version 6.2 (Build 9200) ; Esri ArcGIS 10.8.1.14362</envirDesc><dataLang><languageCode value="eng" Sync="TRUE"></languageCode><countryCode value="USA" Sync="TRUE"></countryCode></dataLang><idCitation><resTitle Sync="TRUE">LusakaZambia_Merge</resTitle><presForm><PresFormCd value="005" Sync="TRUE"></PresFormCd></presForm></idCitation><spatRpType><SpatRepTypCd value="001" Sync="TRUE"></SpatRepTypCd></spatRpType></dataIdInfo><mdLang><languageCode value="eng" Sync="TRUE"></languageCode><countryCode value="USA" Sync="TRUE"></countryCode></mdLang><mdChar><CharSetCd value="004" Sync="TRUE"></CharSetCd></mdChar><distInfo><distFormat><formatName Sync="TRUE">Shapefile</formatName></distFormat><distTranOps><transSize Sync="TRUE">0.000</transSize></distTranOps></distInfo><mdHrLv><ScopeCd value="005" Sync="TRUE"></ScopeCd></mdHrLv><mdHrLvName Sync="TRUE">dataset</mdHrLvName><refSysInfo><RefSystem><refSysID><identCode code="4326" Sync="TRUE"></identCode><idCodeSpace Sync="TRUE">EPSG</idCodeSpace><idVersion Sync="TRUE">6.14(3.0.1)</idVersion></refSysID></RefSystem></refSysInfo><spatRepInfo><VectSpatRep><geometObjs Name="LusakaZambia_Merge"><geoObjTyp><GeoObjTypCd value="002" Sync="TRUE"></GeoObjTypCd></geoObjTyp><geoObjCnt Sync="TRUE">0</geoObjCnt></geometObjs><topLvl><TopoLevCd value="001" Sync="TRUE"></TopoLevCd></topLvl></VectSpatRep></spatRepInfo><spdoinfo><ptvctinf><esriterm Name="LusakaZambia_Merge"><efeatyp Sync="TRUE">Simple</efeatyp><efeageom code="4" Sync="TRUE"></efeageom><esritopo Sync="TRUE">FALSE</esritopo><efeacnt Sync="TRUE">0</efeacnt><spindex Sync="TRUE">FALSE</spindex><linrefer Sync="TRUE">FALSE</linrefer></esriterm></ptvctinf></spdoinfo><eainfo><detailed Name="LusakaZambia_Merge"><enttyp><enttypl Sync="TRUE">LusakaZambia_Merge</enttypl><enttypt Sync="TRUE">Feature Class</enttypt><enttypc Sync="TRUE">0</enttypc></enttyp><attr><attrlabl Sync="TRUE">FID</attrlabl><attalias Sync="TRUE">FID</attalias><attrtype Sync="TRUE">OID</attrtype><attwidth Sync="TRUE">4</attwidth><atprecis Sync="TRUE">0</atprecis><attscale Sync="TRUE">0</attscale><attrdef Sync="TRUE">Internal feature number.</attrdef><attrdefs Sync="TRUE">Esri</attrdefs><attrdomv><udom Sync="TRUE">Sequential unique whole numbers that are automatically generated.</udom></attrdomv></attr><attr><attrlabl Sync="TRUE">Shape</attrlabl><attalias Sync="TRUE">Shape</attalias><attrtype Sync="TRUE">Geometry</attrtype><attwidth Sync="TRUE">0</attwidth><atprecis Sync="TRUE">0</atprecis><attscale Sync="TRUE">0</attscale><attrdef Sync="TRUE">Feature geometry.</attrdef><attrdefs Sync="TRUE">Esri</attrdefs><attrdomv><udom Sync="TRUE">Coordinates defining the features.</udom></attrdomv></attr><attr><attrlabl Sync="TRUE">Country</attrlabl><attalias Sync="TRUE">Country</attalias><attrtype Sync="TRUE">String</attrtype><attwidth Sync="TRUE">80</attwidth><atprecis Sync="TRUE">0</atprecis><attscale Sync="TRUE">0</attscale></attr><attr><attrlabl Sync="TRUE">City</attrlabl><attalias Sync="TRUE">City</attalias><attrtype Sync="TRUE">String</attrtype><attwidth Sync="TRUE">80</attwidth><atprecis Sync="TRUE">0</atprecis><attscale Sync="TRUE">0</attscale></attr><attr><attrlabl Sync="TRUE">Settlement</attrlabl><attalias Sync="TRUE">Settlement</attalias><attrtype Sync="TRUE">String</attrtype><attwidth Sync="TRUE">80</attwidth><atprecis Sync="TRUE">0</atprecis><attscale Sync="TRUE">0</attscale></attr><attr><attrlabl Sync="TRUE">Establishe</attrlabl><attalias Sync="TRUE">Establishe</attalias><attrtype Sync="TRUE">String</attrtype><attwidth Sync="TRUE">80</attwidth><atprecis Sync="TRUE">0</atprecis><attscale Sync="TRUE">0</attscale></attr><attr><attrlabl Sync="TRUE">Last_Updat</attrlabl><attalias Sync="TRUE">Last_Updat</attalias><attrtype Sync="TRUE">String</attrtype><attwidth Sync="TRUE">80</attwidth><atprecis Sync="TRUE">0</atprecis><attscale Sync="TRUE">0</attscale></attr><attr><attrlabl Sync="TRUE">Population</attrlabl><attalias Sync="TRUE">Population</attalias><attrtype Sync="TRUE">String</attrtype><attwidth Sync="TRUE">80</attwidth><atprecis Sync="TRUE">0</atprecis><attscale Sync="TRUE">0</attscale></attr><attr><attrlabl Sync="TRUE">Structures</attrlabl><attalias Sync="TRUE">Structures</attalias><attrtype Sync="TRUE">String</attrtype><attwidth Sync="TRUE">80</attwidth><atprecis Sync="TRUE">0</atprecis><attscale Sync="TRUE">0</attscale></attr><attr><attrlabl Sync="TRUE">url</attrlabl><attalias Sync="TRUE">url</attalias><attrtype Sync="TRUE">String</attrtype><attwidth Sync="TRUE">80</attwidth><atprecis Sync="TRUE">0</atprecis><attscale Sync="TRUE">0</attscale></attr></detailed></eainfo><mdDateSt Sync="TRUE">20211026</mdDateSt></metadata>
