<?xml version="1.0" encoding="UTF-8"?>
<metadata xml:lang="en"><Esri><CreaDate>20211026</CreaDate><CreaTime>23432800</CreaTime><ArcGISFormat>1.0</ArcGISFormat><SyncOnce>FALSE</SyncOnce><DataProperties><itemProps><itemName Sync="TRUE">longweMalawi_Merge2</itemName><imsContentType Sync="TRUE">002</imsContentType><itemSize Sync="TRUE">0.000</itemSize><itemLocation><linkage Sync="TRUE">file://\\DESKTOP-7NESSPS\C$\Users\PC\Documents\ArcGIS\longweMalawi_Merge2.shp</linkage><protocol Sync="TRUE">Local Area Network</protocol></itemLocation></itemProps><coordRef><type Sync="TRUE">Geographic</type><geogcsn Sync="TRUE">GCS_WGS_1984</geogcsn><csUnits Sync="TRUE">Angular Unit: Degree (0.017453)</csUnits><peXml Sync="TRUE">&lt;GeographicCoordinateSystem xsi:type='typens:GeographicCoordinateSystem' xmlns:xsi='http://www.w3.org/2001/XMLSchema-instance' xmlns:xs='http://www.w3.org/2001/XMLSchema' xmlns:typens='http://www.esri.com/schemas/ArcGIS/10.8'&gt;&lt;WKT&gt;GEOGCS[&amp;quot;GCS_WGS_1984&amp;quot;,DATUM[&amp;quot;D_WGS_1984&amp;quot;,SPHEROID[&amp;quot;WGS_1984&amp;quot;,6378137.0,298.257223563]],PRIMEM[&amp;quot;Greenwich&amp;quot;,0.0],UNIT[&amp;quot;Degree&amp;quot;,0.0174532925199433],AUTHORITY[&amp;quot;EPSG&amp;quot;,4326]]&lt;/WKT&gt;&lt;XOrigin&gt;-400&lt;/XOrigin&gt;&lt;YOrigin&gt;-400&lt;/YOrigin&gt;&lt;XYScale&gt;11258999068426.238&lt;/XYScale&gt;&lt;ZOrigin&gt;-100000&lt;/ZOrigin&gt;&lt;ZScale&gt;10000&lt;/ZScale&gt;&lt;MOrigin&gt;-100000&lt;/MOrigin&gt;&lt;MScale&gt;10000&lt;/MScale&gt;&lt;XYTolerance&gt;8.983152841195215e-09&lt;/XYTolerance&gt;&lt;ZTolerance&gt;0.001&lt;/ZTolerance&gt;&lt;MTolerance&gt;0.001&lt;/MTolerance&gt;&lt;HighPrecision&gt;true&lt;/HighPrecision&gt;&lt;LeftLongitude&gt;-180&lt;/LeftLongitude&gt;&lt;WKID&gt;4326&lt;/WKID&gt;&lt;LatestWKID&gt;4326&lt;/LatestWKID&gt;&lt;/GeographicCoordinateSystem&gt;</peXml></coordRef><lineage><Process ToolSource="c:\program files (x86)\arcgis\desktop10.8\ArcToolbox\Toolboxes\Data Management Tools.tbx\Merge" Date="20211026" Time="234335">Merge 'Chimutu 3LilongweMalawi';ChiwokoLilongweMalawi;GagaLilongweMalawi;KantamboLilongweMalawi;'Likuni - MpamphaLilongweMalawi';MakataniLilongweMalawi;MgonaLilongweMalawi;'Area 50LilongweMalawi';ChimokaLilongweMalawi C:\Users\PC\Documents\ArcGIS\longweMalawi_Merge2.shp "Country "Country" true true false 80 Text 0 0 ,First,#,Chimutu 3LilongweMalawi,Country,-1,-1,ChiwokoLilongweMalawi,Country,-1,-1,GagaLilongweMalawi,Country,-1,-1,KantamboLilongweMalawi,Country,-1,-1,Likuni - MpamphaLilongweMalawi,Country,-1,-1,MakataniLilongweMalawi,Country,-1,-1,MgonaLilongweMalawi,Country,-1,-1,Area 50LilongweMalawi,Country,-1,-1,ChimokaLilongweMalawi,Country,-1,-1;City "City" true true false 80 Text 0 0 ,First,#,Chimutu 3LilongweMalawi,City,-1,-1,ChiwokoLilongweMalawi,City,-1,-1,GagaLilongweMalawi,City,-1,-1,KantamboLilongweMalawi,City,-1,-1,Likuni - MpamphaLilongweMalawi,City,-1,-1,MakataniLilongweMalawi,City,-1,-1,MgonaLilongweMalawi,City,-1,-1,Area 50LilongweMalawi,City,-1,-1,ChimokaLilongweMalawi,City,-1,-1;Settlement "Settlement" true true false 80 Text 0 0 ,First,#,Chimutu 3LilongweMalawi,Settlement,-1,-1,ChiwokoLilongweMalawi,Settlement,-1,-1,GagaLilongweMalawi,Settlement,-1,-1,KantamboLilongweMalawi,Settlement,-1,-1,Likuni - MpamphaLilongweMalawi,Settlement,-1,-1,MakataniLilongweMalawi,Settlement,-1,-1,MgonaLilongweMalawi,Settlement,-1,-1,Area 50LilongweMalawi,Settlement,-1,-1,ChimokaLilongweMalawi,Settlement,-1,-1;Establishe "Establishe" true true false 80 Text 0 0 ,First,#,Chimutu 3LilongweMalawi,Establishe,-1,-1,ChiwokoLilongweMalawi,Establishe,-1,-1,GagaLilongweMalawi,Establishe,-1,-1,KantamboLilongweMalawi,Establishe,-1,-1,Likuni - MpamphaLilongweMalawi,Establishe,-1,-1,MakataniLilongweMalawi,Establishe,-1,-1,MgonaLilongweMalawi,Establishe,-1,-1,Area 50LilongweMalawi,Establishe,-1,-1,ChimokaLilongweMalawi,Establishe,-1,-1;Last_Updat "Last_Updat" true true false 80 Text 0 0 ,First,#,Chimutu 3LilongweMalawi,Last Updat,-1,-1,ChiwokoLilongweMalawi,Last Updat,-1,-1,GagaLilongweMalawi,Last Updat,-1,-1,KantamboLilongweMalawi,Last Updat,-1,-1,Likuni - MpamphaLilongweMalawi,Last Updat,-1,-1,MakataniLilongweMalawi,Last Updat,-1,-1,MgonaLilongweMalawi,Last Updat,-1,-1,Area 50LilongweMalawi,Last Updat,-1,-1,ChimokaLilongweMalawi,Last Updat,-1,-1;Population "Population" true true false 80 Text 0 0 ,First,#,Chimutu 3LilongweMalawi,Population,-1,-1,ChiwokoLilongweMalawi,Population,-1,-1,GagaLilongweMalawi,Population,-1,-1,KantamboLilongweMalawi,Population,-1,-1,Likuni - MpamphaLilongweMalawi,Population,-1,-1,MakataniLilongweMalawi,Population,-1,-1,MgonaLilongweMalawi,Population,-1,-1,Area 50LilongweMalawi,Population,-1,-1,ChimokaLilongweMalawi,Population,-1,-1;Structures "Structures" true true false 254 Text 0 0 ,First,#,Chimutu 3LilongweMalawi,Structures,-1,-1,ChiwokoLilongweMalawi,Structures,-1,-1,GagaLilongweMalawi,Structures,-1,-1,KantamboLilongweMalawi,Structures,-1,-1,Likuni - MpamphaLilongweMalawi,Structures,-1,-1,MakataniLilongweMalawi,Structures,-1,-1,MgonaLilongweMalawi,Structures,-1,-1,Area 50LilongweMalawi,Structures,-1,-1,ChimokaLilongweMalawi,Structures,-1,-1;url "url" true true false 80 Text 0 0 ,First,#,Chimutu 3LilongweMalawi,url,-1,-1,ChiwokoLilongweMalawi,url,-1,-1,GagaLilongweMalawi,url,-1,-1,KantamboLilongweMalawi,url,-1,-1,Likuni - MpamphaLilongweMalawi,url,-1,-1,MakataniLilongweMalawi,url,-1,-1,MgonaLilongweMalawi,url,-1,-1,Area 50LilongweMalawi,url,-1,-1,ChimokaLilongweMalawi,url,-1,-1"</Process></lineage></DataProperties><SyncDate>20211026</SyncDate><SyncTime>23432800</SyncTime><ModDate>20211026</ModDate><ModTime>23432800</ModTime></Esri><dataIdInfo><envirDesc Sync="TRUE"> Version 6.2 (Build 9200) ; Esri ArcGIS 10.8.1.14362</envirDesc><dataLang><languageCode value="eng" Sync="TRUE"></languageCode><countryCode value="USA" Sync="TRUE"></countryCode></dataLang><idCitation><resTitle Sync="TRUE">longweMalawi_Merge2</resTitle><presForm><PresFormCd value="005" Sync="TRUE"></PresFormCd></presForm></idCitation><spatRpType><SpatRepTypCd value="001" Sync="TRUE"></SpatRepTypCd></spatRpType></dataIdInfo><mdLang><languageCode value="eng" Sync="TRUE"></languageCode><countryCode value="USA" Sync="TRUE"></countryCode></mdLang><mdChar><CharSetCd value="004" Sync="TRUE"></CharSetCd></mdChar><distInfo><distFormat><formatName Sync="TRUE">Shapefile</formatName></distFormat><distTranOps><transSize Sync="TRUE">0.000</transSize></distTranOps></distInfo><mdHrLv><ScopeCd value="005" Sync="TRUE"></ScopeCd></mdHrLv><mdHrLvName Sync="TRUE">dataset</mdHrLvName><refSysInfo><RefSystem><refSysID><identCode code="4326" Sync="TRUE"></identCode><idCodeSpace Sync="TRUE">EPSG</idCodeSpace><idVersion Sync="TRUE">6.14(3.0.1)</idVersion></refSysID></RefSystem></refSysInfo><spatRepInfo><VectSpatRep><geometObjs Name="longweMalawi_Merge2"><geoObjTyp><GeoObjTypCd value="002" Sync="TRUE"></GeoObjTypCd></geoObjTyp><geoObjCnt Sync="TRUE">0</geoObjCnt></geometObjs><topLvl><TopoLevCd value="001" Sync="TRUE"></TopoLevCd></topLvl></VectSpatRep></spatRepInfo><spdoinfo><ptvctinf><esriterm Name="longweMalawi_Merge2"><efeatyp Sync="TRUE">Simple</efeatyp><efeageom code="4" Sync="TRUE"></efeageom><esritopo Sync="TRUE">FALSE</esritopo><efeacnt Sync="TRUE">0</efeacnt><spindex Sync="TRUE">FALSE</spindex><linrefer Sync="TRUE">FALSE</linrefer></esriterm></ptvctinf></spdoinfo><eainfo><detailed Name="longweMalawi_Merge2"><enttyp><enttypl Sync="TRUE">longweMalawi_Merge2</enttypl><enttypt Sync="TRUE">Feature Class</enttypt><enttypc Sync="TRUE">0</enttypc></enttyp><attr><attrlabl Sync="TRUE">FID</attrlabl><attalias Sync="TRUE">FID</attalias><attrtype Sync="TRUE">OID</attrtype><attwidth Sync="TRUE">4</attwidth><atprecis Sync="TRUE">0</atprecis><attscale Sync="TRUE">0</attscale><attrdef Sync="TRUE">Internal feature number.</attrdef><attrdefs Sync="TRUE">Esri</attrdefs><attrdomv><udom Sync="TRUE">Sequential unique whole numbers that are automatically generated.</udom></attrdomv></attr><attr><attrlabl Sync="TRUE">Shape</attrlabl><attalias Sync="TRUE">Shape</attalias><attrtype Sync="TRUE">Geometry</attrtype><attwidth Sync="TRUE">0</attwidth><atprecis Sync="TRUE">0</atprecis><attscale Sync="TRUE">0</attscale><attrdef Sync="TRUE">Feature geometry.</attrdef><attrdefs Sync="TRUE">Esri</attrdefs><attrdomv><udom Sync="TRUE">Coordinates defining the features.</udom></attrdomv></attr><attr><attrlabl Sync="TRUE">Country</attrlabl><attalias Sync="TRUE">Country</attalias><attrtype Sync="TRUE">String</attrtype><attwidth Sync="TRUE">80</attwidth><atprecis Sync="TRUE">0</atprecis><attscale Sync="TRUE">0</attscale></attr><attr><attrlabl Sync="TRUE">City</attrlabl><attalias Sync="TRUE">City</attalias><attrtype Sync="TRUE">String</attrtype><attwidth Sync="TRUE">80</attwidth><atprecis Sync="TRUE">0</atprecis><attscale Sync="TRUE">0</attscale></attr><attr><attrlabl Sync="TRUE">Settlement</attrlabl><attalias Sync="TRUE">Settlement</attalias><attrtype Sync="TRUE">String</attrtype><attwidth Sync="TRUE">80</attwidth><atprecis Sync="TRUE">0</atprecis><attscale Sync="TRUE">0</attscale></attr><attr><attrlabl Sync="TRUE">Establishe</attrlabl><attalias Sync="TRUE">Establishe</attalias><attrtype Sync="TRUE">String</attrtype><attwidth Sync="TRUE">80</attwidth><atprecis Sync="TRUE">0</atprecis><attscale Sync="TRUE">0</attscale></attr><attr><attrlabl Sync="TRUE">Last_Updat</attrlabl><attalias Sync="TRUE">Last_Updat</attalias><attrtype Sync="TRUE">String</attrtype><attwidth Sync="TRUE">80</attwidth><atprecis Sync="TRUE">0</atprecis><attscale Sync="TRUE">0</attscale></attr><attr><attrlabl Sync="TRUE">Population</attrlabl><attalias Sync="TRUE">Population</attalias><attrtype Sync="TRUE">String</attrtype><attwidth Sync="TRUE">80</attwidth><atprecis Sync="TRUE">0</atprecis><attscale Sync="TRUE">0</attscale></attr><attr><attrlabl Sync="TRUE">Structures</attrlabl><attalias Sync="TRUE">Structures</attalias><attrtype Sync="TRUE">String</attrtype><attwidth Sync="TRUE">254</attwidth><atprecis Sync="TRUE">0</atprecis><attscale Sync="TRUE">0</attscale></attr><attr><attrlabl Sync="TRUE">url</attrlabl><attalias Sync="TRUE">url</attalias><attrtype Sync="TRUE">String</attrtype><attwidth Sync="TRUE">80</attwidth><atprecis Sync="TRUE">0</atprecis><attscale Sync="TRUE">0</attscale></attr></detailed></eainfo><mdDateSt Sync="TRUE">20211026</mdDateSt></metadata>
