<?xml version="1.0" encoding="UTF-8"?>
<metadata xml:lang="en"><Esri><CreaDate>20220826</CreaDate><CreaTime>16083600</CreaTime><ArcGISFormat>1.0</ArcGISFormat><SyncOnce>FALSE</SyncOnce><DataProperties><itemProps><itemName Sync="TRUE">AccraGhana_Merge_clean</itemName><imsContentType Sync="TRUE">002</imsContentType><itemSize Sync="TRUE">0.000</itemSize><itemLocation><linkage Sync="TRUE">file://\\DESKTOP-7NESSPS\C$\Users\PC\Documents\ArcGIS\AccraGhana_Merge_clean.shp</linkage><protocol Sync="TRUE">Local Area Network</protocol></itemLocation></itemProps><coordRef><type Sync="TRUE">Geographic</type><geogcsn Sync="TRUE">GCS_WGS_1984</geogcsn><csUnits Sync="TRUE">Angular Unit: Degree (0.017453)</csUnits><peXml Sync="TRUE">&lt;GeographicCoordinateSystem xsi:type='typens:GeographicCoordinateSystem' xmlns:xsi='http://www.w3.org/2001/XMLSchema-instance' xmlns:xs='http://www.w3.org/2001/XMLSchema' xmlns:typens='http://www.esri.com/schemas/ArcGIS/10.8'&gt;&lt;WKT&gt;GEOGCS[&amp;quot;GCS_WGS_1984&amp;quot;,DATUM[&amp;quot;D_WGS_1984&amp;quot;,SPHEROID[&amp;quot;WGS_1984&amp;quot;,6378137.0,298.257223563]],PRIMEM[&amp;quot;Greenwich&amp;quot;,0.0],UNIT[&amp;quot;Degree&amp;quot;,0.0174532925199433],AUTHORITY[&amp;quot;EPSG&amp;quot;,4326]]&lt;/WKT&gt;&lt;XOrigin&gt;-400&lt;/XOrigin&gt;&lt;YOrigin&gt;-400&lt;/YOrigin&gt;&lt;XYScale&gt;11258999068426.238&lt;/XYScale&gt;&lt;ZOrigin&gt;-100000&lt;/ZOrigin&gt;&lt;ZScale&gt;10000&lt;/ZScale&gt;&lt;MOrigin&gt;-100000&lt;/MOrigin&gt;&lt;MScale&gt;10000&lt;/MScale&gt;&lt;XYTolerance&gt;8.983152841195215e-09&lt;/XYTolerance&gt;&lt;ZTolerance&gt;0.001&lt;/ZTolerance&gt;&lt;MTolerance&gt;0.001&lt;/MTolerance&gt;&lt;HighPrecision&gt;true&lt;/HighPrecision&gt;&lt;LeftLongitude&gt;-180&lt;/LeftLongitude&gt;&lt;WKID&gt;4326&lt;/WKID&gt;&lt;LatestWKID&gt;4326&lt;/LatestWKID&gt;&lt;/GeographicCoordinateSystem&gt;</peXml></coordRef><lineage><Process ToolSource="c:\program files (x86)\arcgis\desktop10.8\ArcToolbox\Toolboxes\Data Management Tools.tbx\Merge" Date="20211206" Time="143253">Merge MaamobiAccraGhana;MABROUKAccraGhana;MAMPROBIAccraGhana;MATAHEKOAccraGhana;ABELENKPEAccraGhana;ABOFOAccraGhana;'ABOSSEY OKAIAccraGhana';ACHIMOTAAccraGhana;ADABRAKAAccraGhana;ADWENBUAccraGhana;ALAJOAccraGhana;AMAMOMOAccraGhana;AmantraAccraGhana;ANOMULEYAccraGhana;'ASYLUM DOWNAccraGhana';'Awoshie KwashiebuAccraGhana';AWUDOMEAccraGhana;AYIDIKIAccraGhana;BLEMAGORAccraGhana;BUBIIAccraGhana;BUBUASHIEAccraGhana;CHORKORAccraGhana;'DARKUMAN WESTAccraGhana';DZORWULUAccraGhana;'EAST LEGONAccraGhana';GBEBUAccraGhana;GBEMOMOAccraGhana;GBORTSUIAccraGhana;GONTENGAccraGhana;KandaAccraGhana;KANESHIEAccraGhana;KANTEISANAccraGhana;'KOKOMLEMLE EASTAccraGhana';'KOMKOMLELE WESTAccraGhana';'KORLE BUAccraGhana';'Korle DudorAccraGhana';'KORLE GONNOAccraGhana';KOTOBABIAccraGhana;KWASHIEMANAccraGhana;'MAAMOBI WESTAccraGhana' C:\Users\PC\Documents\ArcGIS\AccraGhana_Merge_clean.shp "Country "Country" true true false 80 Text 0 0 ,First,#,MaamobiAccraGhana,Country,-1,-1,MABROUKAccraGhana,Country,-1,-1,MAMPROBIAccraGhana,Country,-1,-1,MATAHEKOAccraGhana,Country,-1,-1,ABELENKPEAccraGhana,Country,-1,-1,ABOFOAccraGhana,Country,-1,-1,ABOSSEY OKAIAccraGhana,Country,-1,-1,ACHIMOTAAccraGhana,Country,-1,-1,ADABRAKAAccraGhana,Country,-1,-1,ADWENBUAccraGhana,Country,-1,-1,ALAJOAccraGhana,Country,-1,-1,AMAMOMOAccraGhana,Country,-1,-1,AmantraAccraGhana,Country,-1,-1,ANOMULEYAccraGhana,Country,-1,-1,ASYLUM DOWNAccraGhana,Country,-1,-1,Awoshie KwashiebuAccraGhana,Country,-1,-1,AWUDOMEAccraGhana,Country,-1,-1,AYIDIKIAccraGhana,Country,-1,-1,BLEMAGORAccraGhana,Country,-1,-1,BUBIIAccraGhana,Country,-1,-1,BUBUASHIEAccraGhana,Country,-1,-1,CHORKORAccraGhana,Country,-1,-1,DARKUMAN WESTAccraGhana,Country,-1,-1,DZORWULUAccraGhana,Country,-1,-1,EAST LEGONAccraGhana,Country,-1,-1,GBEBUAccraGhana,Country,-1,-1,GBEMOMOAccraGhana,Country,-1,-1,GBORTSUIAccraGhana,Country,-1,-1,GONTENGAccraGhana,Country,-1,-1,KandaAccraGhana,Country,-1,-1,KANESHIEAccraGhana,Country,-1,-1,KANTEISANAccraGhana,Country,-1,-1,KOKOMLEMLE EASTAccraGhana,Country,-1,-1,KOMKOMLELE WESTAccraGhana,Country,-1,-1,KORLE BUAccraGhana,Country,-1,-1,Korle DudorAccraGhana,Country,-1,-1,KORLE GONNOAccraGhana,Country,-1,-1,KOTOBABIAccraGhana,Country,-1,-1,KWASHIEMANAccraGhana,Country,-1,-1,MAAMOBI WESTAccraGhana,Country,-1,-1;City "City" true true false 80 Text 0 0 ,First,#,MaamobiAccraGhana,City,-1,-1,MABROUKAccraGhana,City,-1,-1,MAMPROBIAccraGhana,City,-1,-1,MATAHEKOAccraGhana,City,-1,-1,ABELENKPEAccraGhana,City,-1,-1,ABOFOAccraGhana,City,-1,-1,ABOSSEY OKAIAccraGhana,City,-1,-1,ACHIMOTAAccraGhana,City,-1,-1,ADABRAKAAccraGhana,City,-1,-1,ADWENBUAccraGhana,City,-1,-1,ALAJOAccraGhana,City,-1,-1,AMAMOMOAccraGhana,City,-1,-1,AmantraAccraGhana,City,-1,-1,ANOMULEYAccraGhana,City,-1,-1,ASYLUM DOWNAccraGhana,City,-1,-1,Awoshie KwashiebuAccraGhana,City,-1,-1,AWUDOMEAccraGhana,City,-1,-1,AYIDIKIAccraGhana,City,-1,-1,BLEMAGORAccraGhana,City,-1,-1,BUBIIAccraGhana,City,-1,-1,BUBUASHIEAccraGhana,City,-1,-1,CHORKORAccraGhana,City,-1,-1,DARKUMAN WESTAccraGhana,City,-1,-1,DZORWULUAccraGhana,City,-1,-1,EAST LEGONAccraGhana,City,-1,-1,GBEBUAccraGhana,City,-1,-1,GBEMOMOAccraGhana,City,-1,-1,GBORTSUIAccraGhana,City,-1,-1,GONTENGAccraGhana,City,-1,-1,KandaAccraGhana,City,-1,-1,KANESHIEAccraGhana,City,-1,-1,KANTEISANAccraGhana,City,-1,-1,KOKOMLEMLE EASTAccraGhana,City,-1,-1,KOMKOMLELE WESTAccraGhana,City,-1,-1,KORLE BUAccraGhana,City,-1,-1,Korle DudorAccraGhana,City,-1,-1,KORLE GONNOAccraGhana,City,-1,-1,KOTOBABIAccraGhana,City,-1,-1,KWASHIEMANAccraGhana,City,-1,-1,MAAMOBI WESTAccraGhana,City,-1,-1;Settlement "Settlement" true true false 80 Text 0 0 ,First,#,MaamobiAccraGhana,Settlement,-1,-1,MABROUKAccraGhana,Settlement,-1,-1,MAMPROBIAccraGhana,Settlement,-1,-1,MATAHEKOAccraGhana,Settlement,-1,-1,ABELENKPEAccraGhana,Settlement,-1,-1,ABOFOAccraGhana,Settlement,-1,-1,ABOSSEY OKAIAccraGhana,Settlement,-1,-1,ACHIMOTAAccraGhana,Settlement,-1,-1,ADABRAKAAccraGhana,Settlement,-1,-1,ADWENBUAccraGhana,Settlement,-1,-1,ALAJOAccraGhana,Settlement,-1,-1,AMAMOMOAccraGhana,Settlement,-1,-1,AmantraAccraGhana,Settlement,-1,-1,ANOMULEYAccraGhana,Settlement,-1,-1,ASYLUM DOWNAccraGhana,Settlement,-1,-1,Awoshie KwashiebuAccraGhana,Settlement,-1,-1,AWUDOMEAccraGhana,Settlement,-1,-1,AYIDIKIAccraGhana,Settlement,-1,-1,BLEMAGORAccraGhana,Settlement,-1,-1,BUBIIAccraGhana,Settlement,-1,-1,BUBUASHIEAccraGhana,Settlement,-1,-1,CHORKORAccraGhana,Settlement,-1,-1,DARKUMAN WESTAccraGhana,Settlement,-1,-1,DZORWULUAccraGhana,Settlement,-1,-1,EAST LEGONAccraGhana,Settlement,-1,-1,GBEBUAccraGhana,Settlement,-1,-1,GBEMOMOAccraGhana,Settlement,-1,-1,GBORTSUIAccraGhana,Settlement,-1,-1,GONTENGAccraGhana,Settlement,-1,-1,KandaAccraGhana,Settlement,-1,-1,KANESHIEAccraGhana,Settlement,-1,-1,KANTEISANAccraGhana,Settlement,-1,-1,KOKOMLEMLE EASTAccraGhana,Settlement,-1,-1,KOMKOMLELE WESTAccraGhana,Settlement,-1,-1,KORLE BUAccraGhana,Settlement,-1,-1,Korle DudorAccraGhana,Settlement,-1,-1,KORLE GONNOAccraGhana,Settlement,-1,-1,KOTOBABIAccraGhana,Settlement,-1,-1,KWASHIEMANAccraGhana,Settlement,-1,-1,MAAMOBI WESTAccraGhana,Settlement,-1,-1;Establishe "Establishe" true true false 80 Text 0 0 ,First,#,MaamobiAccraGhana,Establishe,-1,-1,MABROUKAccraGhana,Establishe,-1,-1,MAMPROBIAccraGhana,Establishe,-1,-1,MATAHEKOAccraGhana,Establishe,-1,-1,ABELENKPEAccraGhana,Establishe,-1,-1,ABOFOAccraGhana,Establishe,-1,-1,ABOSSEY OKAIAccraGhana,Establishe,-1,-1,ACHIMOTAAccraGhana,Establishe,-1,-1,ADABRAKAAccraGhana,Establishe,-1,-1,ADWENBUAccraGhana,Establishe,-1,-1,ALAJOAccraGhana,Establishe,-1,-1,AMAMOMOAccraGhana,Establishe,-1,-1,AmantraAccraGhana,Establishe,-1,-1,ANOMULEYAccraGhana,Establishe,-1,-1,ASYLUM DOWNAccraGhana,Establishe,-1,-1,Awoshie KwashiebuAccraGhana,Establishe,-1,-1,AWUDOMEAccraGhana,Establishe,-1,-1,AYIDIKIAccraGhana,Establishe,-1,-1,BLEMAGORAccraGhana,Establishe,-1,-1,BUBIIAccraGhana,Establishe,-1,-1,BUBUASHIEAccraGhana,Establishe,-1,-1,CHORKORAccraGhana,Establishe,-1,-1,DARKUMAN WESTAccraGhana,Establishe,-1,-1,DZORWULUAccraGhana,Establishe,-1,-1,EAST LEGONAccraGhana,Establishe,-1,-1,GBEBUAccraGhana,Establishe,-1,-1,GBEMOMOAccraGhana,Establishe,-1,-1,GBORTSUIAccraGhana,Establishe,-1,-1,GONTENGAccraGhana,Establishe,-1,-1,KandaAccraGhana,Establishe,-1,-1,KANESHIEAccraGhana,Establishe,-1,-1,KANTEISANAccraGhana,Establishe,-1,-1,KOKOMLEMLE EASTAccraGhana,Establishe,-1,-1,KOMKOMLELE WESTAccraGhana,Establishe,-1,-1,KORLE BUAccraGhana,Establishe,-1,-1,Korle DudorAccraGhana,Establishe,-1,-1,KORLE GONNOAccraGhana,Establishe,-1,-1,KOTOBABIAccraGhana,Establishe,-1,-1,KWASHIEMANAccraGhana,Establishe,-1,-1,MAAMOBI WESTAccraGhana,Establishe,-1,-1;Last_Updat "Last_Updat" true true false 80 Text 0 0 ,First,#,MaamobiAccraGhana,Last Updat,-1,-1,MABROUKAccraGhana,Last Updat,-1,-1,MAMPROBIAccraGhana,Last Updat,-1,-1,MATAHEKOAccraGhana,Last Updat,-1,-1,ABELENKPEAccraGhana,Last Updat,-1,-1,ABOFOAccraGhana,Last Updat,-1,-1,ABOSSEY OKAIAccraGhana,Last Updat,-1,-1,ACHIMOTAAccraGhana,Last Updat,-1,-1,ADABRAKAAccraGhana,Last Updat,-1,-1,ADWENBUAccraGhana,Last Updat,-1,-1,ALAJOAccraGhana,Last Updat,-1,-1,AMAMOMOAccraGhana,Last Updat,-1,-1,AmantraAccraGhana,Last Updat,-1,-1,ANOMULEYAccraGhana,Last Updat,-1,-1,ASYLUM DOWNAccraGhana,Last Updat,-1,-1,Awoshie KwashiebuAccraGhana,Last Updat,-1,-1,AWUDOMEAccraGhana,Last Updat,-1,-1,AYIDIKIAccraGhana,Last Updat,-1,-1,BLEMAGORAccraGhana,Last Updat,-1,-1,BUBIIAccraGhana,Last Updat,-1,-1,BUBUASHIEAccraGhana,Last Updat,-1,-1,CHORKORAccraGhana,Last Updat,-1,-1,DARKUMAN WESTAccraGhana,Last Updat,-1,-1,DZORWULUAccraGhana,Last Updat,-1,-1,EAST LEGONAccraGhana,Last Updat,-1,-1,GBEBUAccraGhana,Last Updat,-1,-1,GBEMOMOAccraGhana,Last Updat,-1,-1,GBORTSUIAccraGhana,Last Updat,-1,-1,GONTENGAccraGhana,Last Updat,-1,-1,KandaAccraGhana,Last Updat,-1,-1,KANESHIEAccraGhana,Last Updat,-1,-1,KANTEISANAccraGhana,Last Updat,-1,-1,KOKOMLEMLE EASTAccraGhana,Last Updat,-1,-1,KOMKOMLELE WESTAccraGhana,Last Updat,-1,-1,KORLE BUAccraGhana,Last Updat,-1,-1,Korle DudorAccraGhana,Last Updat,-1,-1,KORLE GONNOAccraGhana,Last Updat,-1,-1,KOTOBABIAccraGhana,Last Updat,-1,-1,KWASHIEMANAccraGhana,Last Updat,-1,-1,MAAMOBI WESTAccraGhana,Last Updat,-1,-1;Population "Population" true true false 80 Text 0 0 ,First,#,MaamobiAccraGhana,Population,-1,-1,MABROUKAccraGhana,Population,-1,-1,MAMPROBIAccraGhana,Population,-1,-1,MATAHEKOAccraGhana,Population,-1,-1,ABELENKPEAccraGhana,Population,-1,-1,ABOFOAccraGhana,Population,-1,-1,ABOSSEY OKAIAccraGhana,Population,-1,-1,ACHIMOTAAccraGhana,Population,-1,-1,ADABRAKAAccraGhana,Population,-1,-1,ADWENBUAccraGhana,Population,-1,-1,ALAJOAccraGhana,Population,-1,-1,AMAMOMOAccraGhana,Population,-1,-1,AmantraAccraGhana,Population,-1,-1,ANOMULEYAccraGhana,Population,-1,-1,ASYLUM DOWNAccraGhana,Population,-1,-1,Awoshie KwashiebuAccraGhana,Population,-1,-1,AWUDOMEAccraGhana,Population,-1,-1,AYIDIKIAccraGhana,Population,-1,-1,BLEMAGORAccraGhana,Population,-1,-1,BUBIIAccraGhana,Population,-1,-1,BUBUASHIEAccraGhana,Population,-1,-1,CHORKORAccraGhana,Population,-1,-1,DARKUMAN WESTAccraGhana,Population,-1,-1,DZORWULUAccraGhana,Population,-1,-1,EAST LEGONAccraGhana,Population,-1,-1,GBEBUAccraGhana,Population,-1,-1,GBEMOMOAccraGhana,Population,-1,-1,GBORTSUIAccraGhana,Population,-1,-1,GONTENGAccraGhana,Population,-1,-1,KandaAccraGhana,Population,-1,-1,KANESHIEAccraGhana,Population,-1,-1,KANTEISANAccraGhana,Population,-1,-1,KOKOMLEMLE EASTAccraGhana,Population,-1,-1,KOMKOMLELE WESTAccraGhana,Population,-1,-1,KORLE BUAccraGhana,Population,-1,-1,Korle DudorAccraGhana,Population,-1,-1,KORLE GONNOAccraGhana,Population,-1,-1,KOTOBABIAccraGhana,Population,-1,-1,KWASHIEMANAccraGhana,Population,-1,-1,MAAMOBI WESTAccraGhana,Population,-1,-1;Structures "Structures" true true false 254 Text 0 0 ,First,#,MaamobiAccraGhana,Structures,-1,-1,MABROUKAccraGhana,Structures,-1,-1,MAMPROBIAccraGhana,Structures,-1,-1,MATAHEKOAccraGhana,Structures,-1,-1,ABELENKPEAccraGhana,Structures,-1,-1,ABOFOAccraGhana,Structures,-1,-1,ABOSSEY OKAIAccraGhana,Structures,-1,-1,ACHIMOTAAccraGhana,Structures,-1,-1,ADABRAKAAccraGhana,Structures,-1,-1,ADWENBUAccraGhana,Structures,-1,-1,ALAJOAccraGhana,Structures,-1,-1,AMAMOMOAccraGhana,Structures,-1,-1,AmantraAccraGhana,Structures,-1,-1,ANOMULEYAccraGhana,Structures,-1,-1,ASYLUM DOWNAccraGhana,Structures,-1,-1,Awoshie KwashiebuAccraGhana,Structures,-1,-1,AWUDOMEAccraGhana,Structures,-1,-1,AYIDIKIAccraGhana,Structures,-1,-1,BLEMAGORAccraGhana,Structures,-1,-1,BUBIIAccraGhana,Structures,-1,-1,BUBUASHIEAccraGhana,Structures,-1,-1,CHORKORAccraGhana,Structures,-1,-1,DARKUMAN WESTAccraGhana,Structures,-1,-1,DZORWULUAccraGhana,Structures,-1,-1,EAST LEGONAccraGhana,Structures,-1,-1,GBEBUAccraGhana,Structures,-1,-1,GBEMOMOAccraGhana,Structures,-1,-1,GBORTSUIAccraGhana,Structures,-1,-1,GONTENGAccraGhana,Structures,-1,-1,KandaAccraGhana,Structures,-1,-1,KANESHIEAccraGhana,Structures,-1,-1,KANTEISANAccraGhana,Structures,-1,-1,KOKOMLEMLE EASTAccraGhana,Structures,-1,-1,KOMKOMLELE WESTAccraGhana,Structures,-1,-1,KORLE BUAccraGhana,Structures,-1,-1,Korle DudorAccraGhana,Structures,-1,-1,KORLE GONNOAccraGhana,Structures,-1,-1,KOTOBABIAccraGhana,Structures,-1,-1,KWASHIEMANAccraGhana,Structures,-1,-1,MAAMOBI WESTAccraGhana,Structures,-1,-1;url "url" true true false 80 Text 0 0 ,First,#,MaamobiAccraGhana,url,-1,-1,MABROUKAccraGhana,url,-1,-1,MAMPROBIAccraGhana,url,-1,-1,MATAHEKOAccraGhana,url,-1,-1,ABELENKPEAccraGhana,url,-1,-1,ABOFOAccraGhana,url,-1,-1,ABOSSEY OKAIAccraGhana,url,-1,-1,ACHIMOTAAccraGhana,url,-1,-1,ADABRAKAAccraGhana,url,-1,-1,ADWENBUAccraGhana,url,-1,-1,ALAJOAccraGhana,url,-1,-1,AMAMOMOAccraGhana,url,-1,-1,AmantraAccraGhana,url,-1,-1,ANOMULEYAccraGhana,url,-1,-1,ASYLUM DOWNAccraGhana,url,-1,-1,Awoshie KwashiebuAccraGhana,url,-1,-1,AWUDOMEAccraGhana,url,-1,-1,AYIDIKIAccraGhana,url,-1,-1,BLEMAGORAccraGhana,url,-1,-1,BUBIIAccraGhana,url,-1,-1,BUBUASHIEAccraGhana,url,-1,-1,CHORKORAccraGhana,url,-1,-1,DARKUMAN WESTAccraGhana,url,-1,-1,DZORWULUAccraGhana,url,-1,-1,EAST LEGONAccraGhana,url,-1,-1,GBEBUAccraGhana,url,-1,-1,GBEMOMOAccraGhana,url,-1,-1,GBORTSUIAccraGhana,url,-1,-1,GONTENGAccraGhana,url,-1,-1,KandaAccraGhana,url,-1,-1,KANESHIEAccraGhana,url,-1,-1,KANTEISANAccraGhana,url,-1,-1,KOKOMLEMLE EASTAccraGhana,url,-1,-1,KOMKOMLELE WESTAccraGhana,url,-1,-1,KORLE BUAccraGhana,url,-1,-1,Korle DudorAccraGhana,url,-1,-1,KORLE GONNOAccraGhana,url,-1,-1,KOTOBABIAccraGhana,url,-1,-1,KWASHIEMANAccraGhana,url,-1,-1,MAAMOBI WESTAccraGhana,url,-1,-1"</Process><Process ToolSource="c:\program files (x86)\arcgis\desktop10.8\ArcToolbox\Toolboxes\Data Management Tools.tbx\CalculateField" Date="20211219" Time="163458">CalculateField AccraGhana_Merge_clean Population str( !Population! ).replace(',', '')
 PYTHON_9.3 #</Process><Process ToolSource="c:\program files (x86)\arcgis\desktop10.8\ArcToolbox\Toolboxes\Data Management Tools.tbx\CalculateField" Date="20211219" Time="165753">CalculateField AccraGhana_Merge_clean Area "!Population! 
" PYTHON_9.3 #</Process><Process ToolSource="c:\program files (x86)\arcgis\desktop10.8\ArcToolbox\Toolboxes\Data Management Tools.tbx\CalculateField" Date="20220224" Time="221443">CalculateField AccraGhana_Merge_clean OBJECTID [FID]+1 VB #</Process><Process ToolSource="c:\program files (x86)\arcgis\desktop10.8\ArcToolbox\Toolboxes\Data Management Tools.tbx\CalculateField" Date="20220224" Time="221614">CalculateField AccraGhana_Merge_clean pop !FID!+1 PYTHON_9.3 #</Process><Process ToolSource="c:\program files (x86)\arcgis\desktop10.8\ArcToolbox\Toolboxes\Data Management Tools.tbx\CalculateField" Date="20220224" Time="221919">CalculateField AccraGhana_Merge_clean pop !Population! PYTHON_9.3 #</Process><Process ToolSource="c:\program files (x86)\arcgis\desktop10.8\ArcToolbox\Toolboxes\Data Management Tools.tbx\CalculateField" Date="20220224" Time="222309">CalculateField kyc_gha11 pop !Population! PYTHON_9.3 #</Process><Process ToolSource="c:\program files (x86)\arcgis\desktop10.8\ArcToolbox\Toolboxes\Data Management Tools.tbx\CalculateField" Date="20220224" Time="222405">CalculateField kyc_gha11 OBJECTID !FID!+1 PYTHON_9.3 #</Process><Process ToolSource="c:\program files (x86)\arcgis\desktop10.8\ArcToolbox\Toolboxes\Data Management Tools.tbx\CalculateField" Date="20220224" Time="222712">CalculateField kyc_gha11 kyc_year str(!Last_Updat!).rpartition('-')[2]
 PYTHON_9.3 #</Process><Process ToolSource="c:\program files (x86)\arcgis\desktop10.8\ArcToolbox\Toolboxes\Data Management Tools.tbx\CalculateField" Date="20220826" Time="144309">CalculateField kyc_gha13 drt_cln "drop - boundaries for East and West Komkomlele switched?" VB #</Process><Process ToolSource="c:\program files (x86)\arcgis\desktop10.8\ArcToolbox\Toolboxes\Data Management Tools.tbx\CalculateField" Date="20220826" Time="144553">CalculateField kyc_gha13 dens "[pop]/ [Structures]" VB #</Process><Process ToolSource="c:\program files (x86)\arcgis\desktop10.8\ArcToolbox\Toolboxes\Data Management Tools.tbx\CalculateField" Date="20220826" Time="144606">CalculateField kyc_gha13 dens "[pop]/ [Structures]" VB #</Process><Process ToolSource="c:\program files (x86)\arcgis\desktop10.8\ArcToolbox\Toolboxes\Data Management Tools.tbx\Project" Date="20220826" Time="150710">Project kyc_gha13 D:\Dropbox\Work_main\p_ciesin_pop_slum_compare\data\kyc_campaign\gha\kyc_gha13_utm.shp PROJCS['WGS_1984_UTM_Zone_30N',GEOGCS['GCS_WGS_1984',DATUM['D_WGS_1984',SPHEROID['WGS_1984',6378137.0,298.257223563]],PRIMEM['Greenwich',0.0],UNIT['Degree',0.0174532925199433]],PROJECTION['Transverse_Mercator'],PARAMETER['False_Easting',500000.0],PARAMETER['False_Northing',0.0],PARAMETER['Central_Meridian',-3.0],PARAMETER['Scale_Factor',0.9996],PARAMETER['Latitude_Of_Origin',0.0],UNIT['Meter',1.0]] # GEOGCS['GCS_WGS_1984',DATUM['D_WGS_1984',SPHEROID['WGS_1984',6378137.0,298.257223563]],PRIMEM['Greenwich',0.0],UNIT['Degree',0.0174532925199433]] NO_PRESERVE_SHAPE # NO_VERTICAL</Process><Process ToolSource="c:\program files (x86)\arcgis\desktop10.8\ArcToolbox\Toolboxes\Data Management Tools.tbx\CalculateField" Date="20220826" Time="151151">CalculateField kyc_gha13_utm dens "[pop]/ [area_km2]" VB #</Process><Process ToolSource="c:\program files (x86)\arcgis\desktop10.8\ArcToolbox\Toolboxes\Data Management Tools.tbx\CalculateField" Date="20220826" Time="151329">CalculateField kyc_gha13_utm dens "[pop]/ [area_km2]" VB #</Process><Process ToolSource="c:\program files (x86)\arcgis\desktop10.8\ArcToolbox\Toolboxes\Data Management Tools.tbx\CalculateField" Date="20220826" Time="151747">CalculateField kyc_gha13_utm dens "[pop]/ [area_km2]" VB #</Process><Process ToolSource="c:\program files (x86)\arcgis\desktop10.8\ArcToolbox\Toolboxes\Data Management Tools.tbx\CalculateField" Date="20220826" Time="151824">CalculateField kyc_gha13_utm dens 250000/1.87 VB #</Process><Process ToolSource="c:\program files (x86)\arcgis\desktop10.8\ArcToolbox\Toolboxes\Data Management Tools.tbx\CalculateField" Date="20220826" Time="152230">CalculateField kyc_gha13_utm dens_area "[pop]/ [area_km2]" VB #</Process><Process ToolSource="c:\program files (x86)\arcgis\desktop10.8\ArcToolbox\Toolboxes\Data Management Tools.tbx\CalculateField" Date="20220826" Time="152702">CalculateField kyc_gha13_utm dens_area "[pop]/ [area_sqkm]" VB #</Process><Process ToolSource="c:\program files (x86)\arcgis\desktop10.8\ArcToolbox\Toolboxes\Data Management Tools.tbx\CalculateField" Date="20220826" Time="152755">CalculateField kyc_gha13_utm dens "[pop]/ [Structures]" VB #</Process><Process ToolSource="c:\program files (x86)\arcgis\desktop10.8\ArcToolbox\Toolboxes\Data Management Tools.tbx\CalculateField" Date="20220826" Time="160023">CalculateField kyc_gha13_utm dens_area "[pop]/ [area_sqkm]" VB #</Process><Process ToolSource="c:\program files (x86)\arcgis\desktop10.8\ArcToolbox\Toolboxes\Data Management Tools.tbx\CalculateField" Date="20220826" Time="160127">CalculateField kyc_gha13_utm dens_area "[pop]/ [area_sqkm]" VB #</Process><Process ToolSource="c:\program files (x86)\arcgis\desktop10.8\ArcToolbox\Toolboxes\Data Management Tools.tbx\CalculateField" Date="20220826" Time="160350">CalculateField kyc_gha13_utm drt_cln "drop: while very dense, not 1 person / 4 sq m" VB #</Process><Process ToolSource="c:\program files (x86)\arcgis\desktop10.8\ArcToolbox\Toolboxes\Data Management Tools.tbx\CalculateField" Date="20220826" Time="160412">CalculateField kyc_gha13_utm drt_cln "drop: while very dense, not 1 person / 3 sq m" VB #</Process></lineage></DataProperties><SyncDate>20211206</SyncDate><SyncTime>14325300</SyncTime><ModDate>20211206</ModDate><ModTime>14325300</ModTime></Esri><dataIdInfo><envirDesc Sync="TRUE"> Version 6.2 (Build 9200) ; Esri ArcGIS 10.8.1.14362</envirDesc><dataLang><languageCode value="eng" Sync="TRUE"></languageCode><countryCode value="USA" Sync="TRUE"></countryCode></dataLang><idCitation><resTitle Sync="TRUE">AccraGhana_Merge_clean</resTitle><presForm><PresFormCd value="005" Sync="TRUE"></PresFormCd></presForm></idCitation><spatRpType><SpatRepTypCd value="001" Sync="TRUE"></SpatRepTypCd></spatRpType></dataIdInfo><mdLang><languageCode value="eng" Sync="TRUE"></languageCode><countryCode value="USA" Sync="TRUE"></countryCode></mdLang><mdChar><CharSetCd value="004" Sync="TRUE"></CharSetCd></mdChar><distInfo><distFormat><formatName Sync="TRUE">Shapefile</formatName></distFormat><distTranOps><transSize Sync="TRUE">0.000</transSize></distTranOps></distInfo><mdHrLv><ScopeCd value="005" Sync="TRUE"></ScopeCd></mdHrLv><mdHrLvName Sync="TRUE">dataset</mdHrLvName><refSysInfo><RefSystem><refSysID><identCode code="4326" Sync="TRUE"></identCode><idCodeSpace Sync="TRUE">EPSG</idCodeSpace><idVersion Sync="TRUE">6.14(3.0.1)</idVersion></refSysID></RefSystem></refSysInfo><spatRepInfo><VectSpatRep><geometObjs Name="AccraGhana_Merge_clean"><geoObjTyp><GeoObjTypCd value="002" Sync="TRUE"></GeoObjTypCd></geoObjTyp><geoObjCnt Sync="TRUE">0</geoObjCnt></geometObjs><topLvl><TopoLevCd value="001" Sync="TRUE"></TopoLevCd></topLvl></VectSpatRep></spatRepInfo><spdoinfo><ptvctinf><esriterm Name="AccraGhana_Merge_clean"><efeatyp Sync="TRUE">Simple</efeatyp><efeageom code="4" Sync="TRUE"></efeageom><esritopo Sync="TRUE">FALSE</esritopo><efeacnt Sync="TRUE">0</efeacnt><spindex Sync="TRUE">FALSE</spindex><linrefer Sync="TRUE">FALSE</linrefer></esriterm></ptvctinf></spdoinfo><eainfo><detailed Name="AccraGhana_Merge_clean"><enttyp><enttypl Sync="TRUE">AccraGhana_Merge_clean</enttypl><enttypt Sync="TRUE">Feature Class</enttypt><enttypc Sync="TRUE">0</enttypc></enttyp><attr><attrlabl Sync="TRUE">FID</attrlabl><attalias Sync="TRUE">FID</attalias><attrtype Sync="TRUE">OID</attrtype><attwidth Sync="TRUE">4</attwidth><atprecis Sync="TRUE">0</atprecis><attscale Sync="TRUE">0</attscale><attrdef Sync="TRUE">Internal feature number.</attrdef><attrdefs Sync="TRUE">Esri</attrdefs><attrdomv><udom Sync="TRUE">Sequential unique whole numbers that are automatically generated.</udom></attrdomv></attr><attr><attrlabl Sync="TRUE">Shape</attrlabl><attalias Sync="TRUE">Shape</attalias><attrtype Sync="TRUE">Geometry</attrtype><attwidth Sync="TRUE">0</attwidth><atprecis Sync="TRUE">0</atprecis><attscale Sync="TRUE">0</attscale><attrdef Sync="TRUE">Feature geometry.</attrdef><attrdefs Sync="TRUE">Esri</attrdefs><attrdomv><udom Sync="TRUE">Coordinates defining the features.</udom></attrdomv></attr><attr><attrlabl Sync="TRUE">Country</attrlabl><attalias Sync="TRUE">Country</attalias><attrtype Sync="TRUE">String</attrtype><attwidth Sync="TRUE">80</attwidth><atprecis Sync="TRUE">0</atprecis><attscale Sync="TRUE">0</attscale></attr><attr><attrlabl Sync="TRUE">City</attrlabl><attalias Sync="TRUE">City</attalias><attrtype Sync="TRUE">String</attrtype><attwidth Sync="TRUE">80</attwidth><atprecis Sync="TRUE">0</atprecis><attscale Sync="TRUE">0</attscale></attr><attr><attrlabl Sync="TRUE">Settlement</attrlabl><attalias Sync="TRUE">Settlement</attalias><attrtype Sync="TRUE">String</attrtype><attwidth Sync="TRUE">80</attwidth><atprecis Sync="TRUE">0</atprecis><attscale Sync="TRUE">0</attscale></attr><attr><attrlabl Sync="TRUE">Establishe</attrlabl><attalias Sync="TRUE">Establishe</attalias><attrtype Sync="TRUE">String</attrtype><attwidth Sync="TRUE">80</attwidth><atprecis Sync="TRUE">0</atprecis><attscale Sync="TRUE">0</attscale></attr><attr><attrlabl Sync="TRUE">Last_Updat</attrlabl><attalias Sync="TRUE">Last_Updat</attalias><attrtype Sync="TRUE">String</attrtype><attwidth Sync="TRUE">80</attwidth><atprecis Sync="TRUE">0</atprecis><attscale Sync="TRUE">0</attscale></attr><attr><attrlabl Sync="TRUE">Population</attrlabl><attalias Sync="TRUE">Population</attalias><attrtype Sync="TRUE">String</attrtype><attwidth Sync="TRUE">80</attwidth><atprecis Sync="TRUE">0</atprecis><attscale Sync="TRUE">0</attscale></attr><attr><attrlabl Sync="TRUE">Structures</attrlabl><attalias Sync="TRUE">Structures</attalias><attrtype Sync="TRUE">String</attrtype><attwidth Sync="TRUE">254</attwidth><atprecis Sync="TRUE">0</atprecis><attscale Sync="TRUE">0</attscale></attr><attr><attrlabl Sync="TRUE">url</attrlabl><attalias Sync="TRUE">url</attalias><attrtype Sync="TRUE">String</attrtype><attwidth Sync="TRUE">80</attwidth><atprecis Sync="TRUE">0</atprecis><attscale Sync="TRUE">0</attscale></attr></detailed></eainfo><mdDateSt Sync="TRUE">20211206</mdDateSt></metadata>
