<?xml version="1.0" encoding="UTF-8"?>
<metadata xml:lang="en"><Esri><CreaDate>20220829</CreaDate><CreaTime>23483300</CreaTime><ArcGISFormat>1.0</ArcGISFormat><SyncOnce>FALSE</SyncOnce><DataProperties><itemProps><itemName Sync="TRUE">AthiriverKenya_Merge_clean_final</itemName><imsContentType Sync="TRUE">002</imsContentType><itemSize Sync="TRUE">0.000</itemSize><itemLocation><linkage Sync="TRUE">file://\\DESKTOP-7NESSPS\C$\Users\PC\Documents\ArcGIS\AthiriverKenya_Merge_clean_final.shp</linkage><protocol Sync="TRUE">Local Area Network</protocol></itemLocation></itemProps><coordRef><type Sync="TRUE">Geographic</type><geogcsn Sync="TRUE">GCS_WGS_1984</geogcsn><csUnits Sync="TRUE">Angular Unit: Degree (0.017453)</csUnits><peXml Sync="TRUE">&lt;GeographicCoordinateSystem xsi:type='typens:GeographicCoordinateSystem' xmlns:xsi='http://www.w3.org/2001/XMLSchema-instance' xmlns:xs='http://www.w3.org/2001/XMLSchema' xmlns:typens='http://www.esri.com/schemas/ArcGIS/10.8'&gt;&lt;WKT&gt;GEOGCS[&amp;quot;GCS_WGS_1984&amp;quot;,DATUM[&amp;quot;D_WGS_1984&amp;quot;,SPHEROID[&amp;quot;WGS_1984&amp;quot;,6378137.0,298.257223563]],PRIMEM[&amp;quot;Greenwich&amp;quot;,0.0],UNIT[&amp;quot;Degree&amp;quot;,0.0174532925199433],AUTHORITY[&amp;quot;EPSG&amp;quot;,4326]]&lt;/WKT&gt;&lt;XOrigin&gt;-400&lt;/XOrigin&gt;&lt;YOrigin&gt;-400&lt;/YOrigin&gt;&lt;XYScale&gt;11258999068426.238&lt;/XYScale&gt;&lt;ZOrigin&gt;-100000&lt;/ZOrigin&gt;&lt;ZScale&gt;10000&lt;/ZScale&gt;&lt;MOrigin&gt;-100000&lt;/MOrigin&gt;&lt;MScale&gt;10000&lt;/MScale&gt;&lt;XYTolerance&gt;8.983152841195215e-09&lt;/XYTolerance&gt;&lt;ZTolerance&gt;0.001&lt;/ZTolerance&gt;&lt;MTolerance&gt;0.001&lt;/MTolerance&gt;&lt;HighPrecision&gt;true&lt;/HighPrecision&gt;&lt;LeftLongitude&gt;-180&lt;/LeftLongitude&gt;&lt;WKID&gt;4326&lt;/WKID&gt;&lt;LatestWKID&gt;4326&lt;/LatestWKID&gt;&lt;/GeographicCoordinateSystem&gt;</peXml></coordRef><lineage><Process ToolSource="c:\program files (x86)\arcgis\desktop10.8\ArcToolbox\Toolboxes\Data Management Tools.tbx\Merge" Date="20220105" Time="143911">Merge CANAANAthiriverKenya;CHELENZIAthiriverKenya;'City cartonAthiriverKenya';'JAM CITYAthiriverKenya';'JUA CALIAthiriverKenya';KASOITOAthiriverKenya;'KISUMU NDOGOAthiriverKenya';KMCAthiriverKenya;'Kosovo settlementAthiriverKenya';'ALPHA RAMAAthiriverKenya';BONDENIAthiriverKenya C:\Users\PC\Documents\ArcGIS\AthiriverKenya_Merge_clean_final.shp "Country "Country" true true false 80 Text 0 0 ,First,#,CANAANAthiriverKenya,Country,-1,-1,CHELENZIAthiriverKenya,Country,-1,-1,City cartonAthiriverKenya,Country,-1,-1,JAM CITYAthiriverKenya,Country,-1,-1,JUA CALIAthiriverKenya,Country,-1,-1,KASOITOAthiriverKenya,Country,-1,-1,KISUMU NDOGOAthiriverKenya,Country,-1,-1,KMCAthiriverKenya,Country,-1,-1,Kosovo settlementAthiriverKenya,Country,-1,-1,ALPHA RAMAAthiriverKenya,Country,-1,-1,BONDENIAthiriverKenya,Country,-1,-1;City "City" true true false 80 Text 0 0 ,First,#,CANAANAthiriverKenya,City,-1,-1,CHELENZIAthiriverKenya,City,-1,-1,City cartonAthiriverKenya,City,-1,-1,JAM CITYAthiriverKenya,City,-1,-1,JUA CALIAthiriverKenya,City,-1,-1,KASOITOAthiriverKenya,City,-1,-1,KISUMU NDOGOAthiriverKenya,City,-1,-1,KMCAthiriverKenya,City,-1,-1,Kosovo settlementAthiriverKenya,City,-1,-1,ALPHA RAMAAthiriverKenya,City,-1,-1,BONDENIAthiriverKenya,City,-1,-1;Settlement "Settlement" true true false 80 Text 0 0 ,First,#,CANAANAthiriverKenya,Settlement,-1,-1,CHELENZIAthiriverKenya,Settlement,-1,-1,City cartonAthiriverKenya,Settlement,-1,-1,JAM CITYAthiriverKenya,Settlement,-1,-1,JUA CALIAthiriverKenya,Settlement,-1,-1,KASOITOAthiriverKenya,Settlement,-1,-1,KISUMU NDOGOAthiriverKenya,Settlement,-1,-1,KMCAthiriverKenya,Settlement,-1,-1,Kosovo settlementAthiriverKenya,Settlement,-1,-1,ALPHA RAMAAthiriverKenya,Settlement,-1,-1,BONDENIAthiriverKenya,Settlement,-1,-1;Establishe "Establishe" true true false 80 Text 0 0 ,First,#,CANAANAthiriverKenya,Establishe,-1,-1,CHELENZIAthiriverKenya,Establishe,-1,-1,City cartonAthiriverKenya,Establishe,-1,-1,JAM CITYAthiriverKenya,Establishe,-1,-1,JUA CALIAthiriverKenya,Establishe,-1,-1,KASOITOAthiriverKenya,Establishe,-1,-1,KISUMU NDOGOAthiriverKenya,Establishe,-1,-1,KMCAthiriverKenya,Establishe,-1,-1,Kosovo settlementAthiriverKenya,Establishe,-1,-1,ALPHA RAMAAthiriverKenya,Establishe,-1,-1,BONDENIAthiriverKenya,Establishe,-1,-1;Last_Updat "Last_Updat" true true false 80 Text 0 0 ,First,#,CANAANAthiriverKenya,Last Updat,-1,-1,CHELENZIAthiriverKenya,Last Updat,-1,-1,City cartonAthiriverKenya,Last Updat,-1,-1,JAM CITYAthiriverKenya,Last Updat,-1,-1,JUA CALIAthiriverKenya,Last Updat,-1,-1,KASOITOAthiriverKenya,Last Updat,-1,-1,KISUMU NDOGOAthiriverKenya,Last Updat,-1,-1,KMCAthiriverKenya,Last Updat,-1,-1,Kosovo settlementAthiriverKenya,Last Updat,-1,-1,ALPHA RAMAAthiriverKenya,Last Updat,-1,-1,BONDENIAthiriverKenya,Last Updat,-1,-1;Population "Population" true true false 80 Text 0 0 ,First,#,CANAANAthiriverKenya,Population,-1,-1,CHELENZIAthiriverKenya,Population,-1,-1,City cartonAthiriverKenya,Population,-1,-1,JAM CITYAthiriverKenya,Population,-1,-1,JUA CALIAthiriverKenya,Population,-1,-1,KASOITOAthiriverKenya,Population,-1,-1,KISUMU NDOGOAthiriverKenya,Population,-1,-1,KMCAthiriverKenya,Population,-1,-1,Kosovo settlementAthiriverKenya,Population,-1,-1,ALPHA RAMAAthiriverKenya,Population,-1,-1,BONDENIAthiriverKenya,Population,-1,-1;Structures "Structures" true true false 80 Text 0 0 ,First,#,CANAANAthiriverKenya,Structures,-1,-1,CHELENZIAthiriverKenya,Structures,-1,-1,City cartonAthiriverKenya,Structures,-1,-1,JAM CITYAthiriverKenya,Structures,-1,-1,JUA CALIAthiriverKenya,Structures,-1,-1,KASOITOAthiriverKenya,Structures,-1,-1,KISUMU NDOGOAthiriverKenya,Structures,-1,-1,KMCAthiriverKenya,Structures,-1,-1,Kosovo settlementAthiriverKenya,Structures,-1,-1,ALPHA RAMAAthiriverKenya,Structures,-1,-1,BONDENIAthiriverKenya,Structures,-1,-1;url "url" true true false 80 Text 0 0 ,First,#,CANAANAthiriverKenya,url,-1,-1,CHELENZIAthiriverKenya,url,-1,-1,City cartonAthiriverKenya,url,-1,-1,JAM CITYAthiriverKenya,url,-1,-1,JUA CALIAthiriverKenya,url,-1,-1,KASOITOAthiriverKenya,url,-1,-1,KISUMU NDOGOAthiriverKenya,url,-1,-1,KMCAthiriverKenya,url,-1,-1,Kosovo settlementAthiriverKenya,url,-1,-1,ALPHA RAMAAthiriverKenya,url,-1,-1,BONDENIAthiriverKenya,url,-1,-1"</Process><Process ToolSource="c:\program files (x86)\arcgis\desktop10.8\ArcToolbox\Toolboxes\Data Management Tools.tbx\CalculateField" Date="20220108" Time="145832">CalculateField AthiriverKenya_Merge_clean_final Population str( !Population! ).replace(',', '')
 PYTHON_9.3 #</Process><Process ToolSource="c:\program files (x86)\arcgis\desktop10.8\ArcToolbox\Toolboxes\Data Management Tools.tbx\CalculateField" Date="20220108" Time="145847">CalculateField AthiriverKenya_Merge_clean_final pop !Population! PYTHON_9.3 #</Process><Process ToolSource="c:\program files (x86)\arcgis\desktop10.8\ArcToolbox\Toolboxes\Data Management Tools.tbx\CalculateField" Date="20220228" Time="135836">CalculateField AthiriverKenya_Merge_clean_final ID [FID]+1 VB #</Process><Process ToolSource="c:\program files (x86)\arcgis\desktop10.8\ArcToolbox\Toolboxes\Data Management Tools.tbx\CalculateField" Date="20220228" Time="135938">CalculateField AthiriverKenya_Merge_clean_final kyc_year str(!Last_Updat!).rpartition('-')[2]
 PYTHON_9.3 #</Process><Process ToolSource="c:\program files (x86)\arcgis\desktop10.8\ArcToolbox\Toolboxes\Data Management Tools.tbx\CalculateField" Date="20220826" Time="010743">CalculateField AthiriverKenya_Merge_clean_final drt_cln "drop: ~250 structures, which means ~120 ppl/structure. unrealistic" VB #</Process><Process ToolSource="c:\program files (x86)\arcgis\desktop10.8\ArcToolbox\Toolboxes\Data Management Tools.tbx\CalculateField" Date="20220826" Time="011211">CalculateField AthiriverKenya_Merge_clean_final drt_cln "drop: ~200 structures, which means ~70 ppl/structure. unrealistic" VB #</Process><Process ToolSource="c:\program files (x86)\arcgis\desktop10.8\ArcToolbox\Toolboxes\Data Management Tools.tbx\CalculateField" Date="20220826" Time="011347">CalculateField AthiriverKenya_Merge_clean_final dens "[Population]/ [Structures]" VB #</Process><Process ToolSource="c:\program files (x86)\arcgis\desktop10.8\ArcToolbox\Toolboxes\Data Management Tools.tbx\CalculateField" Date="20220826" Time="011513">CalculateField AthiriverKenya_Merge_clean_final drt_cln "drop: unrealistic pop/structure" VB #</Process><Process ToolSource="c:\program files (x86)\arcgis\desktop10.8\ArcToolbox\Toolboxes\Data Management Tools.tbx\CalculateField" Date="20220826" Time="015828">CalculateField AthiriverKenya_Merge_clean_final drt_cln "drop - # structures &amp; pop unrealistic" VB #</Process></lineage></DataProperties><SyncDate>20220105</SyncDate><SyncTime>14390100</SyncTime><ModDate>20220105</ModDate><ModTime>14390100</ModTime></Esri><dataIdInfo><envirDesc Sync="TRUE"> Version 6.2 (Build 9200) ; Esri ArcGIS 10.8.1.14362</envirDesc><dataLang><languageCode value="eng" Sync="TRUE"></languageCode><countryCode value="USA" Sync="TRUE"></countryCode></dataLang><idCitation><resTitle Sync="TRUE">AthiriverKenya_Merge_clean_final</resTitle><presForm><PresFormCd value="005" Sync="TRUE"></PresFormCd></presForm></idCitation><spatRpType><SpatRepTypCd value="001" Sync="TRUE"></SpatRepTypCd></spatRpType></dataIdInfo><mdLang><languageCode value="eng" Sync="TRUE"></languageCode><countryCode value="USA" Sync="TRUE"></countryCode></mdLang><mdChar><CharSetCd value="004" Sync="TRUE"></CharSetCd></mdChar><distInfo><distFormat><formatName Sync="TRUE">Shapefile</formatName></distFormat><distTranOps><transSize Sync="TRUE">0.000</transSize></distTranOps></distInfo><mdHrLv><ScopeCd value="005" Sync="TRUE"></ScopeCd></mdHrLv><mdHrLvName Sync="TRUE">dataset</mdHrLvName><refSysInfo><RefSystem><refSysID><identCode code="4326" Sync="TRUE"></identCode><idCodeSpace Sync="TRUE">EPSG</idCodeSpace><idVersion Sync="TRUE">6.14(3.0.1)</idVersion></refSysID></RefSystem></refSysInfo><spatRepInfo><VectSpatRep><geometObjs Name="AthiriverKenya_Merge_clean_final"><geoObjTyp><GeoObjTypCd value="002" Sync="TRUE"></GeoObjTypCd></geoObjTyp><geoObjCnt Sync="TRUE">0</geoObjCnt></geometObjs><topLvl><TopoLevCd value="001" Sync="TRUE"></TopoLevCd></topLvl></VectSpatRep></spatRepInfo><spdoinfo><ptvctinf><esriterm Name="AthiriverKenya_Merge_clean_final"><efeatyp Sync="TRUE">Simple</efeatyp><efeageom code="4" Sync="TRUE"></efeageom><esritopo Sync="TRUE">FALSE</esritopo><efeacnt Sync="TRUE">0</efeacnt><spindex Sync="TRUE">FALSE</spindex><linrefer Sync="TRUE">FALSE</linrefer></esriterm></ptvctinf></spdoinfo><eainfo><detailed Name="AthiriverKenya_Merge_clean_final"><enttyp><enttypl Sync="TRUE">AthiriverKenya_Merge_clean_final</enttypl><enttypt Sync="TRUE">Feature Class</enttypt><enttypc Sync="TRUE">0</enttypc></enttyp><attr><attrlabl Sync="TRUE">FID</attrlabl><attalias Sync="TRUE">FID</attalias><attrtype Sync="TRUE">OID</attrtype><attwidth Sync="TRUE">4</attwidth><atprecis Sync="TRUE">0</atprecis><attscale Sync="TRUE">0</attscale><attrdef Sync="TRUE">Internal feature number.</attrdef><attrdefs Sync="TRUE">Esri</attrdefs><attrdomv><udom Sync="TRUE">Sequential unique whole numbers that are automatically generated.</udom></attrdomv></attr><attr><attrlabl Sync="TRUE">Shape</attrlabl><attalias Sync="TRUE">Shape</attalias><attrtype Sync="TRUE">Geometry</attrtype><attwidth Sync="TRUE">0</attwidth><atprecis Sync="TRUE">0</atprecis><attscale Sync="TRUE">0</attscale><attrdef Sync="TRUE">Feature geometry.</attrdef><attrdefs Sync="TRUE">Esri</attrdefs><attrdomv><udom Sync="TRUE">Coordinates defining the features.</udom></attrdomv></attr><attr><attrlabl Sync="TRUE">Country</attrlabl><attalias Sync="TRUE">Country</attalias><attrtype Sync="TRUE">String</attrtype><attwidth Sync="TRUE">80</attwidth><atprecis Sync="TRUE">0</atprecis><attscale Sync="TRUE">0</attscale></attr><attr><attrlabl Sync="TRUE">City</attrlabl><attalias Sync="TRUE">City</attalias><attrtype Sync="TRUE">String</attrtype><attwidth Sync="TRUE">80</attwidth><atprecis Sync="TRUE">0</atprecis><attscale Sync="TRUE">0</attscale></attr><attr><attrlabl Sync="TRUE">Settlement</attrlabl><attalias Sync="TRUE">Settlement</attalias><attrtype Sync="TRUE">String</attrtype><attwidth Sync="TRUE">80</attwidth><atprecis Sync="TRUE">0</atprecis><attscale Sync="TRUE">0</attscale></attr><attr><attrlabl Sync="TRUE">Establishe</attrlabl><attalias Sync="TRUE">Establishe</attalias><attrtype Sync="TRUE">String</attrtype><attwidth Sync="TRUE">80</attwidth><atprecis Sync="TRUE">0</atprecis><attscale Sync="TRUE">0</attscale></attr><attr><attrlabl Sync="TRUE">Last_Updat</attrlabl><attalias Sync="TRUE">Last_Updat</attalias><attrtype Sync="TRUE">String</attrtype><attwidth Sync="TRUE">80</attwidth><atprecis Sync="TRUE">0</atprecis><attscale Sync="TRUE">0</attscale></attr><attr><attrlabl Sync="TRUE">Population</attrlabl><attalias Sync="TRUE">Population</attalias><attrtype Sync="TRUE">String</attrtype><attwidth Sync="TRUE">80</attwidth><atprecis Sync="TRUE">0</atprecis><attscale Sync="TRUE">0</attscale></attr><attr><attrlabl Sync="TRUE">Structures</attrlabl><attalias Sync="TRUE">Structures</attalias><attrtype Sync="TRUE">String</attrtype><attwidth Sync="TRUE">80</attwidth><atprecis Sync="TRUE">0</atprecis><attscale Sync="TRUE">0</attscale></attr><attr><attrlabl Sync="TRUE">url</attrlabl><attalias Sync="TRUE">url</attalias><attrtype Sync="TRUE">String</attrtype><attwidth Sync="TRUE">80</attwidth><atprecis Sync="TRUE">0</atprecis><attscale Sync="TRUE">0</attscale></attr></detailed></eainfo><mdDateSt Sync="TRUE">20220105</mdDateSt></metadata>
