<?xml version="1.0" encoding="UTF-8"?>
<metadata xml:lang="en"><Esri><CreaDate>20211026</CreaDate><CreaTime>22511200</CreaTime><ArcGISFormat>1.0</ArcGISFormat><SyncOnce>FALSE</SyncOnce><DataProperties><itemProps><itemName Sync="TRUE">KampalaUganda_Merge2</itemName><imsContentType Sync="TRUE">002</imsContentType><itemSize Sync="TRUE">0.000</itemSize><itemLocation><linkage Sync="TRUE">file://\\DESKTOP-7NESSPS\C$\Users\PC\Documents\ArcGIS\KampalaUganda_Merge2.shp</linkage><protocol Sync="TRUE">Local Area Network</protocol></itemLocation></itemProps><coordRef><type Sync="TRUE">Geographic</type><geogcsn Sync="TRUE">GCS_WGS_1984</geogcsn><csUnits Sync="TRUE">Angular Unit: Degree (0.017453)</csUnits><peXml Sync="TRUE">&lt;GeographicCoordinateSystem xsi:type='typens:GeographicCoordinateSystem' xmlns:xsi='http://www.w3.org/2001/XMLSchema-instance' xmlns:xs='http://www.w3.org/2001/XMLSchema' xmlns:typens='http://www.esri.com/schemas/ArcGIS/10.8'&gt;&lt;WKT&gt;GEOGCS[&amp;quot;GCS_WGS_1984&amp;quot;,DATUM[&amp;quot;D_WGS_1984&amp;quot;,SPHEROID[&amp;quot;WGS_1984&amp;quot;,6378137.0,298.257223563]],PRIMEM[&amp;quot;Greenwich&amp;quot;,0.0],UNIT[&amp;quot;Degree&amp;quot;,0.0174532925199433],AUTHORITY[&amp;quot;EPSG&amp;quot;,4326]]&lt;/WKT&gt;&lt;XOrigin&gt;-400&lt;/XOrigin&gt;&lt;YOrigin&gt;-400&lt;/YOrigin&gt;&lt;XYScale&gt;11258999068426.238&lt;/XYScale&gt;&lt;ZOrigin&gt;-100000&lt;/ZOrigin&gt;&lt;ZScale&gt;10000&lt;/ZScale&gt;&lt;MOrigin&gt;-100000&lt;/MOrigin&gt;&lt;MScale&gt;10000&lt;/MScale&gt;&lt;XYTolerance&gt;8.983152841195215e-09&lt;/XYTolerance&gt;&lt;ZTolerance&gt;0.001&lt;/ZTolerance&gt;&lt;MTolerance&gt;0.001&lt;/MTolerance&gt;&lt;HighPrecision&gt;true&lt;/HighPrecision&gt;&lt;LeftLongitude&gt;-180&lt;/LeftLongitude&gt;&lt;WKID&gt;4326&lt;/WKID&gt;&lt;LatestWKID&gt;4326&lt;/LatestWKID&gt;&lt;/GeographicCoordinateSystem&gt;</peXml></coordRef><lineage><Process ToolSource="c:\program files (x86)\arcgis\desktop10.8\ArcToolbox\Toolboxes\Data Management Tools.tbx\Merge" Date="20211026" Time="225121">Merge KifumbiraKampalaUganda;KikwiteKampalaUganda;KinawatakaKampalaUganda;'Kiryatete EastKampalaUganda';'Kisenyi 1KampalaUganda';'Kisenyi IIIKampalaUganda';KisuguKampalaUganda;'Kyebando KisalosaloKampalaUganda';'Makerere IIIKampalaUganda';'Mambo bado-kiseyi luziraKampalaUganda';MengoKampalaUganda;BandaKampalaUganda;BukasaKampalaUganda;'Bukesa KakajjoKampalaUganda';'Bukooza (lugala) KosovoKampalaUganda';'Bukoto IKampalaUganda';'Bunzaali zoneKampalaUganda';BusegaKampalaUganda;'Bwaise 2KampalaUganda';'Bwaise IIIKampalaUganda';'Bwaise I-Lule zoneKampalaUganda';BwikyaKampalaUganda;KagugubeKampalaUganda;KalerweKampalaUganda;'Kamwokya IIKampalaUganda';KasubiKampalaUganda;'Kataba - BiyinjaKampalaUganda';KatangaKampalaUganda;'Katwe IIKampalaUganda';KawaalaKampalaUganda;'Kazo AngolaKampalaUganda' C:\Users\PC\Documents\ArcGIS\KampalaUganda_Merge2.shp "Country "Country" true true false 80 Text 0 0 ,First,#,KifumbiraKampalaUganda,Country,-1,-1,KikwiteKampalaUganda,Country,-1,-1,KinawatakaKampalaUganda,Country,-1,-1,Kiryatete EastKampalaUganda,Country,-1,-1,Kisenyi 1KampalaUganda,Country,-1,-1,Kisenyi IIIKampalaUganda,Country,-1,-1,KisuguKampalaUganda,Country,-1,-1,Kyebando KisalosaloKampalaUganda,Country,-1,-1,Makerere IIIKampalaUganda,Country,-1,-1,Mambo bado-kiseyi luziraKampalaUganda,Country,-1,-1,MengoKampalaUganda,Country,-1,-1,BandaKampalaUganda,Country,-1,-1,BukasaKampalaUganda,Country,-1,-1,Bukesa KakajjoKampalaUganda,Country,-1,-1,Bukooza (lugala) KosovoKampalaUganda,Country,-1,-1,Bukoto IKampalaUganda,Country,-1,-1,Bunzaali zoneKampalaUganda,Country,-1,-1,BusegaKampalaUganda,Country,-1,-1,Bwaise 2KampalaUganda,Country,-1,-1,Bwaise IIIKampalaUganda,Country,-1,-1,Bwaise I-Lule zoneKampalaUganda,Country,-1,-1,BwikyaKampalaUganda,Country,-1,-1,KagugubeKampalaUganda,Country,-1,-1,KalerweKampalaUganda,Country,-1,-1,Kamwokya IIKampalaUganda,Country,-1,-1,KasubiKampalaUganda,Country,-1,-1,Kataba - BiyinjaKampalaUganda,Country,-1,-1,KatangaKampalaUganda,Country,-1,-1,Katwe IIKampalaUganda,Country,-1,-1,KawaalaKampalaUganda,Country,-1,-1,Kazo AngolaKampalaUganda,Country,-1,-1;City "City" true true false 80 Text 0 0 ,First,#,KifumbiraKampalaUganda,City,-1,-1,KikwiteKampalaUganda,City,-1,-1,KinawatakaKampalaUganda,City,-1,-1,Kiryatete EastKampalaUganda,City,-1,-1,Kisenyi 1KampalaUganda,City,-1,-1,Kisenyi IIIKampalaUganda,City,-1,-1,KisuguKampalaUganda,City,-1,-1,Kyebando KisalosaloKampalaUganda,City,-1,-1,Makerere IIIKampalaUganda,City,-1,-1,Mambo bado-kiseyi luziraKampalaUganda,City,-1,-1,MengoKampalaUganda,City,-1,-1,BandaKampalaUganda,City,-1,-1,BukasaKampalaUganda,City,-1,-1,Bukesa KakajjoKampalaUganda,City,-1,-1,Bukooza (lugala) KosovoKampalaUganda,City,-1,-1,Bukoto IKampalaUganda,City,-1,-1,Bunzaali zoneKampalaUganda,City,-1,-1,BusegaKampalaUganda,City,-1,-1,Bwaise 2KampalaUganda,City,-1,-1,Bwaise IIIKampalaUganda,City,-1,-1,Bwaise I-Lule zoneKampalaUganda,City,-1,-1,BwikyaKampalaUganda,City,-1,-1,KagugubeKampalaUganda,City,-1,-1,KalerweKampalaUganda,City,-1,-1,Kamwokya IIKampalaUganda,City,-1,-1,KasubiKampalaUganda,City,-1,-1,Kataba - BiyinjaKampalaUganda,City,-1,-1,KatangaKampalaUganda,City,-1,-1,Katwe IIKampalaUganda,City,-1,-1,KawaalaKampalaUganda,City,-1,-1,Kazo AngolaKampalaUganda,City,-1,-1;Settlement "Settlement" true true false 80 Text 0 0 ,First,#,KifumbiraKampalaUganda,Settlement,-1,-1,KikwiteKampalaUganda,Settlement,-1,-1,KinawatakaKampalaUganda,Settlement,-1,-1,Kiryatete EastKampalaUganda,Settlement,-1,-1,Kisenyi 1KampalaUganda,Settlement,-1,-1,Kisenyi IIIKampalaUganda,Settlement,-1,-1,KisuguKampalaUganda,Settlement,-1,-1,Kyebando KisalosaloKampalaUganda,Settlement,-1,-1,Makerere IIIKampalaUganda,Settlement,-1,-1,Mambo bado-kiseyi luziraKampalaUganda,Settlement,-1,-1,MengoKampalaUganda,Settlement,-1,-1,BandaKampalaUganda,Settlement,-1,-1,BukasaKampalaUganda,Settlement,-1,-1,Bukesa KakajjoKampalaUganda,Settlement,-1,-1,Bukooza (lugala) KosovoKampalaUganda,Settlement,-1,-1,Bukoto IKampalaUganda,Settlement,-1,-1,Bunzaali zoneKampalaUganda,Settlement,-1,-1,BusegaKampalaUganda,Settlement,-1,-1,Bwaise 2KampalaUganda,Settlement,-1,-1,Bwaise IIIKampalaUganda,Settlement,-1,-1,Bwaise I-Lule zoneKampalaUganda,Settlement,-1,-1,BwikyaKampalaUganda,Settlement,-1,-1,KagugubeKampalaUganda,Settlement,-1,-1,KalerweKampalaUganda,Settlement,-1,-1,Kamwokya IIKampalaUganda,Settlement,-1,-1,KasubiKampalaUganda,Settlement,-1,-1,Kataba - BiyinjaKampalaUganda,Settlement,-1,-1,KatangaKampalaUganda,Settlement,-1,-1,Katwe IIKampalaUganda,Settlement,-1,-1,KawaalaKampalaUganda,Settlement,-1,-1,Kazo AngolaKampalaUganda,Settlement,-1,-1;Establishe "Establishe" true true false 80 Text 0 0 ,First,#,KifumbiraKampalaUganda,Establishe,-1,-1,KikwiteKampalaUganda,Establishe,-1,-1,KinawatakaKampalaUganda,Establishe,-1,-1,Kiryatete EastKampalaUganda,Establishe,-1,-1,Kisenyi 1KampalaUganda,Establishe,-1,-1,Kisenyi IIIKampalaUganda,Establishe,-1,-1,KisuguKampalaUganda,Establishe,-1,-1,Kyebando KisalosaloKampalaUganda,Establishe,-1,-1,Makerere IIIKampalaUganda,Establishe,-1,-1,Mambo bado-kiseyi luziraKampalaUganda,Establishe,-1,-1,MengoKampalaUganda,Establishe,-1,-1,BandaKampalaUganda,Establishe,-1,-1,BukasaKampalaUganda,Establishe,-1,-1,Bukesa KakajjoKampalaUganda,Establishe,-1,-1,Bukooza (lugala) KosovoKampalaUganda,Establishe,-1,-1,Bukoto IKampalaUganda,Establishe,-1,-1,Bunzaali zoneKampalaUganda,Establishe,-1,-1,BusegaKampalaUganda,Establishe,-1,-1,Bwaise 2KampalaUganda,Establishe,-1,-1,Bwaise IIIKampalaUganda,Establishe,-1,-1,Bwaise I-Lule zoneKampalaUganda,Establishe,-1,-1,BwikyaKampalaUganda,Establishe,-1,-1,KagugubeKampalaUganda,Establishe,-1,-1,KalerweKampalaUganda,Establishe,-1,-1,Kamwokya IIKampalaUganda,Establishe,-1,-1,KasubiKampalaUganda,Establishe,-1,-1,Kataba - BiyinjaKampalaUganda,Establishe,-1,-1,KatangaKampalaUganda,Establishe,-1,-1,Katwe IIKampalaUganda,Establishe,-1,-1,KawaalaKampalaUganda,Establishe,-1,-1,Kazo AngolaKampalaUganda,Establishe,-1,-1;Last_Updat "Last_Updat" true true false 80 Text 0 0 ,First,#,KifumbiraKampalaUganda,Last Updat,-1,-1,KikwiteKampalaUganda,Last Updat,-1,-1,KinawatakaKampalaUganda,Last Updat,-1,-1,Kiryatete EastKampalaUganda,Last Updat,-1,-1,Kisenyi 1KampalaUganda,Last Updat,-1,-1,Kisenyi IIIKampalaUganda,Last Updat,-1,-1,KisuguKampalaUganda,Last Updat,-1,-1,Kyebando KisalosaloKampalaUganda,Last Updat,-1,-1,Makerere IIIKampalaUganda,Last Updat,-1,-1,Mambo bado-kiseyi luziraKampalaUganda,Last Updat,-1,-1,MengoKampalaUganda,Last Updat,-1,-1,BandaKampalaUganda,Last Updat,-1,-1,BukasaKampalaUganda,Last Updat,-1,-1,Bukesa KakajjoKampalaUganda,Last Updat,-1,-1,Bukooza (lugala) KosovoKampalaUganda,Last Updat,-1,-1,Bukoto IKampalaUganda,Last Updat,-1,-1,Bunzaali zoneKampalaUganda,Last Updat,-1,-1,BusegaKampalaUganda,Last Updat,-1,-1,Bwaise 2KampalaUganda,Last Updat,-1,-1,Bwaise IIIKampalaUganda,Last Updat,-1,-1,Bwaise I-Lule zoneKampalaUganda,Last Updat,-1,-1,BwikyaKampalaUganda,Last Updat,-1,-1,KagugubeKampalaUganda,Last Updat,-1,-1,KalerweKampalaUganda,Last Updat,-1,-1,Kamwokya IIKampalaUganda,Last Updat,-1,-1,KasubiKampalaUganda,Last Updat,-1,-1,Kataba - BiyinjaKampalaUganda,Last Updat,-1,-1,KatangaKampalaUganda,Last Updat,-1,-1,Katwe IIKampalaUganda,Last Updat,-1,-1,KawaalaKampalaUganda,Last Updat,-1,-1,Kazo AngolaKampalaUganda,Last Updat,-1,-1;Population "Population" true true false 80 Text 0 0 ,First,#,KifumbiraKampalaUganda,Population,-1,-1,KikwiteKampalaUganda,Population,-1,-1,KinawatakaKampalaUganda,Population,-1,-1,Kiryatete EastKampalaUganda,Population,-1,-1,Kisenyi 1KampalaUganda,Population,-1,-1,Kisenyi IIIKampalaUganda,Population,-1,-1,KisuguKampalaUganda,Population,-1,-1,Kyebando KisalosaloKampalaUganda,Population,-1,-1,Makerere IIIKampalaUganda,Population,-1,-1,Mambo bado-kiseyi luziraKampalaUganda,Population,-1,-1,MengoKampalaUganda,Population,-1,-1,BandaKampalaUganda,Population,-1,-1,BukasaKampalaUganda,Population,-1,-1,Bukesa KakajjoKampalaUganda,Population,-1,-1,Bukooza (lugala) KosovoKampalaUganda,Population,-1,-1,Bukoto IKampalaUganda,Population,-1,-1,Bunzaali zoneKampalaUganda,Population,-1,-1,BusegaKampalaUganda,Population,-1,-1,Bwaise 2KampalaUganda,Population,-1,-1,Bwaise IIIKampalaUganda,Population,-1,-1,Bwaise I-Lule zoneKampalaUganda,Population,-1,-1,BwikyaKampalaUganda,Population,-1,-1,KagugubeKampalaUganda,Population,-1,-1,KalerweKampalaUganda,Population,-1,-1,Kamwokya IIKampalaUganda,Population,-1,-1,KasubiKampalaUganda,Population,-1,-1,Kataba - BiyinjaKampalaUganda,Population,-1,-1,KatangaKampalaUganda,Population,-1,-1,Katwe IIKampalaUganda,Population,-1,-1,KawaalaKampalaUganda,Population,-1,-1,Kazo AngolaKampalaUganda,Population,-1,-1;Structures "Structures" true true false 80 Text 0 0 ,First,#,KifumbiraKampalaUganda,Structures,-1,-1,KikwiteKampalaUganda,Structures,-1,-1,KinawatakaKampalaUganda,Structures,-1,-1,Kiryatete EastKampalaUganda,Structures,-1,-1,Kisenyi 1KampalaUganda,Structures,-1,-1,Kisenyi IIIKampalaUganda,Structures,-1,-1,KisuguKampalaUganda,Structures,-1,-1,Kyebando KisalosaloKampalaUganda,Structures,-1,-1,Makerere IIIKampalaUganda,Structures,-1,-1,Mambo bado-kiseyi luziraKampalaUganda,Structures,-1,-1,MengoKampalaUganda,Structures,-1,-1,BandaKampalaUganda,Structures,-1,-1,BukasaKampalaUganda,Structures,-1,-1,Bukesa KakajjoKampalaUganda,Structures,-1,-1,Bukooza (lugala) KosovoKampalaUganda,Structures,-1,-1,Bukoto IKampalaUganda,Structures,-1,-1,Bunzaali zoneKampalaUganda,Structures,-1,-1,BusegaKampalaUganda,Structures,-1,-1,Bwaise 2KampalaUganda,Structures,-1,-1,Bwaise IIIKampalaUganda,Structures,-1,-1,Bwaise I-Lule zoneKampalaUganda,Structures,-1,-1,BwikyaKampalaUganda,Structures,-1,-1,KagugubeKampalaUganda,Structures,-1,-1,KalerweKampalaUganda,Structures,-1,-1,Kamwokya IIKampalaUganda,Structures,-1,-1,KasubiKampalaUganda,Structures,-1,-1,Kataba - BiyinjaKampalaUganda,Structures,-1,-1,KatangaKampalaUganda,Structures,-1,-1,Katwe IIKampalaUganda,Structures,-1,-1,KawaalaKampalaUganda,Structures,-1,-1,Kazo AngolaKampalaUganda,Structures,-1,-1;url "url" true true false 80 Text 0 0 ,First,#,KifumbiraKampalaUganda,url,-1,-1,KikwiteKampalaUganda,url,-1,-1,KinawatakaKampalaUganda,url,-1,-1,Kiryatete EastKampalaUganda,url,-1,-1,Kisenyi 1KampalaUganda,url,-1,-1,Kisenyi IIIKampalaUganda,url,-1,-1,KisuguKampalaUganda,url,-1,-1,Kyebando KisalosaloKampalaUganda,url,-1,-1,Makerere IIIKampalaUganda,url,-1,-1,Mambo bado-kiseyi luziraKampalaUganda,url,-1,-1,MengoKampalaUganda,url,-1,-1,BandaKampalaUganda,url,-1,-1,BukasaKampalaUganda,url,-1,-1,Bukesa KakajjoKampalaUganda,url,-1,-1,Bukooza (lugala) KosovoKampalaUganda,url,-1,-1,Bukoto IKampalaUganda,url,-1,-1,Bunzaali zoneKampalaUganda,url,-1,-1,BusegaKampalaUganda,url,-1,-1,Bwaise 2KampalaUganda,url,-1,-1,Bwaise IIIKampalaUganda,url,-1,-1,Bwaise I-Lule zoneKampalaUganda,url,-1,-1,BwikyaKampalaUganda,url,-1,-1,KagugubeKampalaUganda,url,-1,-1,KalerweKampalaUganda,url,-1,-1,Kamwokya IIKampalaUganda,url,-1,-1,KasubiKampalaUganda,url,-1,-1,Kataba - BiyinjaKampalaUganda,url,-1,-1,KatangaKampalaUganda,url,-1,-1,Katwe IIKampalaUganda,url,-1,-1,KawaalaKampalaUganda,url,-1,-1,Kazo AngolaKampalaUganda,url,-1,-1"</Process></lineage></DataProperties><SyncDate>20211026</SyncDate><SyncTime>22511200</SyncTime><ModDate>20211026</ModDate><ModTime>22511200</ModTime></Esri><dataIdInfo><envirDesc Sync="TRUE"> Version 6.2 (Build 9200) ; Esri ArcGIS 10.8.1.14362</envirDesc><dataLang><languageCode value="eng" Sync="TRUE"></languageCode><countryCode value="USA" Sync="TRUE"></countryCode></dataLang><idCitation><resTitle Sync="TRUE">KampalaUganda_Merge2</resTitle><presForm><PresFormCd value="005" Sync="TRUE"></PresFormCd></presForm></idCitation><spatRpType><SpatRepTypCd value="001" Sync="TRUE"></SpatRepTypCd></spatRpType></dataIdInfo><mdLang><languageCode value="eng" Sync="TRUE"></languageCode><countryCode value="USA" Sync="TRUE"></countryCode></mdLang><mdChar><CharSetCd value="004" Sync="TRUE"></CharSetCd></mdChar><distInfo><distFormat><formatName Sync="TRUE">Shapefile</formatName></distFormat><distTranOps><transSize Sync="TRUE">0.000</transSize></distTranOps></distInfo><mdHrLv><ScopeCd value="005" Sync="TRUE"></ScopeCd></mdHrLv><mdHrLvName Sync="TRUE">dataset</mdHrLvName><refSysInfo><RefSystem><refSysID><identCode code="4326" Sync="TRUE"></identCode><idCodeSpace Sync="TRUE">EPSG</idCodeSpace><idVersion Sync="TRUE">6.14(3.0.1)</idVersion></refSysID></RefSystem></refSysInfo><spatRepInfo><VectSpatRep><geometObjs Name="KampalaUganda_Merge2"><geoObjTyp><GeoObjTypCd value="002" Sync="TRUE"></GeoObjTypCd></geoObjTyp><geoObjCnt Sync="TRUE">0</geoObjCnt></geometObjs><topLvl><TopoLevCd value="001" Sync="TRUE"></TopoLevCd></topLvl></VectSpatRep></spatRepInfo><spdoinfo><ptvctinf><esriterm Name="KampalaUganda_Merge2"><efeatyp Sync="TRUE">Simple</efeatyp><efeageom code="4" Sync="TRUE"></efeageom><esritopo Sync="TRUE">FALSE</esritopo><efeacnt Sync="TRUE">0</efeacnt><spindex Sync="TRUE">FALSE</spindex><linrefer Sync="TRUE">FALSE</linrefer></esriterm></ptvctinf></spdoinfo><eainfo><detailed Name="KampalaUganda_Merge2"><enttyp><enttypl Sync="TRUE">KampalaUganda_Merge2</enttypl><enttypt Sync="TRUE">Feature Class</enttypt><enttypc Sync="TRUE">0</enttypc></enttyp><attr><attrlabl Sync="TRUE">FID</attrlabl><attalias Sync="TRUE">FID</attalias><attrtype Sync="TRUE">OID</attrtype><attwidth Sync="TRUE">4</attwidth><atprecis Sync="TRUE">0</atprecis><attscale Sync="TRUE">0</attscale><attrdef Sync="TRUE">Internal feature number.</attrdef><attrdefs Sync="TRUE">Esri</attrdefs><attrdomv><udom Sync="TRUE">Sequential unique whole numbers that are automatically generated.</udom></attrdomv></attr><attr><attrlabl Sync="TRUE">Shape</attrlabl><attalias Sync="TRUE">Shape</attalias><attrtype Sync="TRUE">Geometry</attrtype><attwidth Sync="TRUE">0</attwidth><atprecis Sync="TRUE">0</atprecis><attscale Sync="TRUE">0</attscale><attrdef Sync="TRUE">Feature geometry.</attrdef><attrdefs Sync="TRUE">Esri</attrdefs><attrdomv><udom Sync="TRUE">Coordinates defining the features.</udom></attrdomv></attr><attr><attrlabl Sync="TRUE">Country</attrlabl><attalias Sync="TRUE">Country</attalias><attrtype Sync="TRUE">String</attrtype><attwidth Sync="TRUE">80</attwidth><atprecis Sync="TRUE">0</atprecis><attscale Sync="TRUE">0</attscale></attr><attr><attrlabl Sync="TRUE">City</attrlabl><attalias Sync="TRUE">City</attalias><attrtype Sync="TRUE">String</attrtype><attwidth Sync="TRUE">80</attwidth><atprecis Sync="TRUE">0</atprecis><attscale Sync="TRUE">0</attscale></attr><attr><attrlabl Sync="TRUE">Settlement</attrlabl><attalias Sync="TRUE">Settlement</attalias><attrtype Sync="TRUE">String</attrtype><attwidth Sync="TRUE">80</attwidth><atprecis Sync="TRUE">0</atprecis><attscale Sync="TRUE">0</attscale></attr><attr><attrlabl Sync="TRUE">Establishe</attrlabl><attalias Sync="TRUE">Establishe</attalias><attrtype Sync="TRUE">String</attrtype><attwidth Sync="TRUE">80</attwidth><atprecis Sync="TRUE">0</atprecis><attscale Sync="TRUE">0</attscale></attr><attr><attrlabl Sync="TRUE">Last_Updat</attrlabl><attalias Sync="TRUE">Last_Updat</attalias><attrtype Sync="TRUE">String</attrtype><attwidth Sync="TRUE">80</attwidth><atprecis Sync="TRUE">0</atprecis><attscale Sync="TRUE">0</attscale></attr><attr><attrlabl Sync="TRUE">Population</attrlabl><attalias Sync="TRUE">Population</attalias><attrtype Sync="TRUE">String</attrtype><attwidth Sync="TRUE">80</attwidth><atprecis Sync="TRUE">0</atprecis><attscale Sync="TRUE">0</attscale></attr><attr><attrlabl Sync="TRUE">Structures</attrlabl><attalias Sync="TRUE">Structures</attalias><attrtype Sync="TRUE">String</attrtype><attwidth Sync="TRUE">80</attwidth><atprecis Sync="TRUE">0</atprecis><attscale Sync="TRUE">0</attscale></attr><attr><attrlabl Sync="TRUE">url</attrlabl><attalias Sync="TRUE">url</attalias><attrtype Sync="TRUE">String</attrtype><attwidth Sync="TRUE">80</attwidth><atprecis Sync="TRUE">0</atprecis><attscale Sync="TRUE">0</attscale></attr></detailed></eainfo><mdDateSt Sync="TRUE">20211026</mdDateSt></metadata>
